column,raw_value,count,missing_kind
case_num,1,1,
case_num,10,1,
case_num,100,1,
case_num,1000,1,
case_num,1001,1,
case_num,1002,1,
case_num,1003,1,
case_num,1004,1,
case_num,1005,1,
case_num,1006,1,
case_num,1007,1,
case_num,1008,1,
case_num,1009,1,
case_num,101,1,
case_num,1010,1,
case_num,1011,1,
case_num,102,1,
case_num,103,1,
case_num,104,1,
case_num,105,1,
case_num,106,1,
case_num,107,1,
case_num,108,1,
case_num,109,1,
case_num,11,1,
case_num,110,1,
case_num,111,1,
case_num,112,1,
case_num,113,1,
case_num,114,1,
case_num,115,1,
case_num,116,1,
case_num,117,1,
case_num,118,1,
case_num,119,1,
case_num,12,1,
case_num,120,1,
case_num,121,1,
case_num,122,1,
case_num,123,1,
case_num,124,1,
case_num,125,1,
case_num,126,1,
case_num,127,1,
case_num,128,1,
case_num,129,1,
case_num,13,1,
case_num,130,1,
case_num,131,1,
case_num,132,1,
case_num,133,1,
case_num,134,1,
case_num,135,1,
case_num,136,1,
case_num,137,1,
case_num,138,1,
case_num,139,1,
case_num,14,1,
case_num,140,1,
case_num,141,1,
case_num,142,1,
case_num,143,1,
case_num,144,1,
case_num,145,1,
case_num,146,1,
case_num,147,1,
case_num,148,1,
case_num,149,1,
case_num,15,1,
case_num,150,1,
case_num,151,1,
case_num,152,1,
case_num,153,1,
case_num,154,1,
case_num,155,1,
case_num,156,1,
case_num,157,1,
case_num,158,1,
case_num,159,1,
case_num,16,1,
case_num,160,1,
case_num,161,1,
case_num,162,1,
case_num,163,1,
case_num,164,1,
case_num,165,1,
case_num,166,1,
case_num,167,1,
case_num,168,1,
case_num,169,1,
case_num,17,1,
case_num,170,1,
case_num,171,1,
case_num,172,1,
case_num,173,1,
case_num,174,1,
case_num,175,1,
case_num,176,1,
case_num,177,1,
case_num,178,1,
case_num,179,1,
case_num,18,1,
case_num,180,1,
case_num,181,1,
case_num,182,1,
case_num,183,1,
case_num,184,1,
case_num,185,1,
case_num,186,1,
case_num,187,1,
case_num,188,1,
case_num,189,1,
case_num,19,1,
case_num,190,1,
case_num,191,1,
case_num,192,1,
case_num,193,1,
case_num,194,1,
case_num,195,1,
case_num,196,1,
case_num,197,1,
case_num,198,1,
case_num,199,1,
case_num,2,1,
case_num,20,1,
case_num,200,1,
case_num,201,1,
case_num,202,1,
case_num,203,1,
case_num,204,1,
case_num,205,1,
case_num,206,1,
case_num,207,1,
case_num,208,1,
case_num,209,1,
case_num,21,1,
case_num,210,1,
case_num,211,1,
case_num,212,1,
case_num,213,1,
case_num,214,1,
case_num,215,1,
case_num,216,1,
case_num,217,1,
case_num,218,1,
case_num,219,1,
case_num,22,1,
case_num,220,1,
case_num,221,1,
case_num,222,1,
case_num,223,1,
case_num,224,1,
case_num,225,1,
case_num,226,1,
case_num,227,1,
case_num,228,1,
case_num,229,1,
case_num,23,1,
case_num,230,1,
case_num,231,1,
case_num,232,1,
case_num,233,1,
case_num,234,1,
case_num,235,1,
case_num,236,1,
case_num,237,1,
case_num,238,1,
case_num,239,1,
case_num,24,1,
case_num,240,1,
case_num,241,1,
case_num,242,1,
case_num,243,1,
case_num,244,1,
case_num,245,1,
case_num,246,1,
case_num,247,1,
case_num,248,1,
case_num,249,1,
case_num,25,1,
case_num,250,1,
case_num,251,1,
case_num,252,1,
case_num,253,1,
case_num,254,1,
case_num,255,1,
case_num,256,1,
case_num,257,1,
case_num,258,1,
case_num,259,1,
case_num,26,1,
case_num,260,1,
case_num,261,1,
case_num,262,1,
case_num,263,1,
case_num,264,1,
case_num,265,1,
case_num,266,1,
case_num,267,1,
case_num,268,1,
case_num,269,1,
case_num,27,1,
case_num,270,1,
case_num,271,1,
case_num,272,1,
case_num,273,1,
case_num,274,1,
case_num,275,1,
case_num,276,1,
case_num,277,1,
case_num,278,1,
case_num,279,1,
case_num,28,1,
case_num,280,1,
case_num,281,1,
case_num,282,1,
case_num,283,1,
case_num,284,1,
case_num,285,1,
case_num,286,1,
case_num,287,1,
case_num,288,1,
case_num,289,1,
case_num,29,1,
case_num,290,1,
case_num,291,1,
case_num,292,1,
case_num,293,1,
case_num,294,1,
case_num,295,1,
case_num,296,1,
case_num,297,1,
case_num,298,1,
case_num,299,1,
case_num,3,1,
case_num,30,1,
case_num,300,1,
case_num,301,1,
case_num,302,1,
case_num,303,1,
case_num,304,1,
case_num,305,1,
case_num,306,1,
case_num,307,1,
case_num,308,1,
case_num,309,1,
case_num,31,1,
case_num,310,1,
case_num,311,1,
case_num,312,1,
case_num,313,1,
case_num,314,1,
case_num,315,1,
case_num,316,1,
case_num,317,1,
case_num,318,1,
case_num,319,1,
case_num,32,1,
case_num,320,1,
case_num,321,1,
case_num,322,1,
case_num,323,1,
case_num,324,1,
case_num,325,1,
case_num,326,1,
case_num,327,1,
case_num,328,1,
case_num,329,1,
case_num,33,1,
case_num,330,1,
case_num,331,1,
case_num,332,1,
case_num,333,1,
case_num,334,1,
case_num,335,1,
case_num,336,1,
case_num,337,1,
case_num,338,1,
case_num,339,1,
case_num,34,1,
case_num,340,1,
case_num,341,1,
case_num,342,1,
case_num,343,1,
case_num,344,1,
case_num,345,1,
case_num,346,1,
case_num,347,1,
case_num,348,1,
case_num,349,1,
case_num,35,1,
case_num,350,1,
case_num,351,1,
case_num,352,1,
case_num,353,1,
case_num,354,1,
case_num,355,1,
case_num,356,1,
case_num,357,1,
case_num,358,1,
case_num,359,1,
case_num,36,1,
case_num,360,1,
case_num,361,1,
case_num,362,1,
case_num,363,1,
case_num,364,1,
case_num,365,1,
case_num,366,1,
case_num,367,1,
case_num,368,1,
case_num,369,1,
case_num,37,1,
case_num,370,1,
case_num,371,1,
case_num,372,1,
case_num,373,1,
case_num,374,1,
case_num,375,1,
case_num,376,1,
case_num,377,1,
case_num,378,1,
case_num,379,1,
case_num,38,1,
case_num,380,1,
case_num,381,1,
case_num,382,1,
case_num,383,1,
case_num,384,1,
case_num,385,1,
case_num,386,1,
case_num,387,1,
case_num,388,1,
case_num,389,1,
case_num,39,1,
case_num,390,1,
case_num,391,1,
case_num,392,1,
case_num,393,1,
case_num,394,1,
case_num,395,1,
case_num,396,1,
case_num,397,1,
case_num,398,1,
case_num,399,1,
case_num,4,1,
case_num,40,1,
case_num,400,1,
case_num,401,1,
case_num,402,1,
case_num,403,1,
case_num,404,1,
case_num,405,1,
case_num,406,1,
case_num,407,1,
case_num,408,1,
case_num,409,1,
case_num,41,1,
case_num,410,1,
case_num,411,1,
case_num,412,1,
case_num,413,1,
case_num,414,1,
case_num,415,1,
case_num,416,1,
case_num,417,1,
case_num,418,1,
case_num,419,1,
case_num,42,1,
case_num,420,1,
case_num,421,1,
case_num,422,1,
case_num,423,1,
case_num,424,1,
case_num,425,1,
case_num,426,1,
case_num,427,1,
case_num,428,1,
case_num,429,1,
case_num,43,1,
case_num,430,1,
case_num,431,1,
case_num,432,1,
case_num,433,1,
case_num,434,1,
case_num,435,1,
case_num,436,1,
case_num,437,1,
case_num,438,1,
case_num,439,1,
case_num,44,1,
case_num,440,1,
case_num,441,1,
case_num,442,1,
case_num,443,1,
case_num,444,1,
case_num,445,1,
case_num,446,1,
case_num,447,1,
case_num,448,1,
case_num,449,1,
case_num,45,1,
case_num,450,1,
case_num,451,1,
case_num,452,1,
case_num,453,1,
case_num,454,1,
case_num,455,1,
case_num,456,1,
case_num,457,1,
case_num,458,1,
case_num,459,1,
case_num,46,1,
case_num,460,1,
case_num,461,1,
case_num,462,1,
case_num,463,1,
case_num,464,1,
case_num,465,1,
case_num,466,1,
case_num,467,1,
case_num,468,1,
case_num,469,1,
case_num,47,1,
case_num,470,1,
case_num,471,1,
case_num,472,1,
case_num,473,1,
case_num,474,1,
case_num,475,1,
case_num,476,1,
case_num,477,1,
case_num,478,1,
case_num,479,1,
case_num,48,1,
case_num,480,1,
case_num,481,1,
case_num,482,1,
case_num,483,1,
case_num,484,1,
case_num,485,1,
case_num,486,1,
case_num,487,1,
case_num,488,1,
case_num,489,1,
case_num,49,1,
case_num,490,1,
case_num,491,1,
case_num,492,1,
case_num,493,1,
case_num,494,1,
case_num,495,1,
case_num,496,1,
case_num,497,1,
case_num,498,1,
case_num,499,1,
case_num,5,1,
case_num,50,1,
case_num,500,1,
case_num,501,1,
case_num,502,1,
case_num,503,1,
case_num,504,1,
case_num,505,1,
case_num,506,1,
case_num,507,1,
case_num,508,1,
case_num,509,1,
case_num,51,1,
case_num,510,1,
case_num,511,1,
case_num,512,1,
case_num,513,1,
case_num,514,1,
case_num,515,1,
case_num,516,1,
case_num,517,1,
case_num,518,1,
case_num,519,1,
case_num,52,1,
case_num,520,1,
case_num,521,1,
case_num,522,1,
case_num,523,1,
case_num,524,1,
case_num,525,1,
case_num,526,1,
case_num,527,1,
case_num,528,1,
case_num,529,1,
case_num,53,1,
case_num,530,1,
case_num,531,1,
case_num,532,1,
case_num,533,1,
case_num,534,1,
case_num,535,1,
case_num,536,1,
case_num,537,1,
case_num,538,1,
case_num,539,1,
case_num,54,1,
case_num,540,1,
case_num,541,1,
case_num,542,1,
case_num,543,1,
case_num,544,1,
case_num,545,1,
case_num,546,1,
case_num,547,1,
case_num,548,1,
case_num,549,1,
case_num,55,1,
case_num,550,1,
case_num,551,1,
case_num,552,1,
case_num,553,1,
case_num,554,1,
case_num,555,1,
case_num,556,1,
case_num,557,1,
case_num,558,1,
case_num,559,1,
case_num,56,1,
case_num,560,1,
case_num,561,1,
case_num,562,1,
case_num,563,1,
case_num,564,1,
case_num,565,1,
case_num,566,1,
case_num,567,1,
case_num,568,1,
case_num,569,1,
case_num,57,1,
case_num,570,1,
case_num,571,1,
case_num,572,1,
case_num,573,1,
case_num,574,1,
case_num,575,1,
case_num,576,1,
case_num,577,1,
case_num,578,1,
case_num,579,1,
case_num,58,1,
case_num,580,1,
case_num,581,1,
case_num,582,1,
case_num,583,1,
case_num,584,1,
case_num,585,1,
case_num,586,1,
case_num,587,1,
case_num,588,1,
case_num,589,1,
case_num,59,1,
case_num,590,1,
case_num,591,1,
case_num,592,1,
case_num,593,1,
case_num,594,1,
case_num,595,1,
case_num,596,1,
case_num,597,1,
case_num,598,1,
case_num,599,1,
case_num,6,1,
case_num,60,1,
case_num,600,1,
case_num,601,1,
case_num,602,1,
case_num,603,1,
case_num,604,1,
case_num,605,1,
case_num,606,1,
case_num,607,1,
case_num,608,1,
case_num,609,1,
case_num,61,1,
case_num,610,1,
case_num,611,1,
case_num,612,1,
case_num,613,1,
case_num,614,1,
case_num,615,1,
case_num,616,1,
case_num,617,1,
case_num,618,1,
case_num,619,1,
case_num,62,1,
case_num,620,1,
case_num,621,1,
case_num,622,1,
case_num,623,1,
case_num,624,1,
case_num,625,1,
case_num,626,1,
case_num,627,1,
case_num,628,1,
case_num,629,1,
case_num,63,1,
case_num,630,1,
case_num,631,1,
case_num,632,1,
case_num,633,1,
case_num,634,1,
case_num,635,1,
case_num,636,1,
case_num,637,1,
case_num,638,1,
case_num,639,1,
case_num,64,1,
case_num,640,1,
case_num,641,1,
case_num,642,1,
case_num,643,1,
case_num,644,1,
case_num,645,1,
case_num,646,1,
case_num,647,1,
case_num,648,1,
case_num,649,1,
case_num,65,1,
case_num,650,1,
case_num,651,1,
case_num,652,1,
case_num,653,1,
case_num,654,1,
case_num,655,1,
case_num,656,1,
case_num,657,1,
case_num,658,1,
case_num,659,1,
case_num,66,1,
case_num,660,1,
case_num,661,1,
case_num,662,1,
case_num,663,1,
case_num,664,1,
case_num,665,1,
case_num,666,1,
case_num,667,1,
case_num,668,1,
case_num,669,1,
case_num,67,1,
case_num,670,1,
case_num,671,1,
case_num,672,1,
case_num,673,1,
case_num,674,1,
case_num,675,1,
case_num,676,1,
case_num,677,1,
case_num,678,1,
case_num,679,1,
case_num,68,1,
case_num,680,1,
case_num,681,1,
case_num,682,1,
case_num,683,1,
case_num,684,1,
case_num,685,1,
case_num,686,1,
case_num,687,1,
case_num,688,1,
case_num,689,1,
case_num,69,1,
case_num,690,1,
case_num,691,1,
case_num,692,1,
case_num,693,1,
case_num,694,1,
case_num,695,1,
case_num,696,1,
case_num,697,1,
case_num,698,1,
case_num,699,1,
case_num,7,1,
case_num,70,1,
case_num,700,1,
case_num,701,1,
case_num,702,1,
case_num,703,1,
case_num,704,1,
case_num,705,1,
case_num,706,1,
case_num,707,1,
case_num,708,1,
case_num,709,1,
case_num,71,1,
case_num,710,1,
case_num,711,1,
case_num,712,1,
case_num,713,1,
case_num,714,1,
case_num,715,1,
case_num,716,1,
case_num,717,1,
case_num,718,1,
case_num,719,1,
case_num,72,1,
case_num,720,1,
case_num,721,1,
case_num,722,1,
case_num,723,1,
case_num,724,1,
case_num,725,1,
case_num,726,1,
case_num,727,1,
case_num,728,1,
case_num,729,1,
case_num,73,1,
case_num,730,1,
case_num,731,1,
case_num,732,1,
case_num,733,1,
case_num,734,1,
case_num,735,1,
case_num,736,1,
case_num,737,1,
case_num,738,1,
case_num,739,1,
case_num,74,1,
case_num,740,1,
case_num,741,1,
case_num,742,1,
case_num,743,1,
case_num,744,1,
case_num,745,1,
case_num,746,1,
case_num,747,1,
case_num,748,1,
case_num,749,1,
case_num,75,1,
case_num,750,1,
case_num,751,1,
case_num,752,1,
case_num,753,1,
case_num,754,1,
case_num,755,1,
case_num,756,1,
case_num,757,1,
case_num,758,1,
case_num,759,1,
case_num,76,1,
case_num,760,1,
case_num,761,1,
case_num,762,1,
case_num,763,1,
case_num,764,1,
case_num,765,1,
case_num,766,1,
case_num,767,1,
case_num,768,1,
case_num,769,1,
case_num,77,1,
case_num,770,1,
case_num,771,1,
case_num,772,1,
case_num,773,1,
case_num,774,1,
case_num,775,1,
case_num,776,1,
case_num,777,1,
case_num,778,1,
case_num,779,1,
case_num,78,1,
case_num,780,1,
case_num,781,1,
case_num,782,1,
case_num,783,1,
case_num,784,1,
case_num,785,1,
case_num,786,1,
case_num,787,1,
case_num,788,1,
case_num,789,1,
case_num,79,1,
case_num,790,1,
case_num,791,1,
case_num,792,1,
case_num,793,1,
case_num,794,1,
case_num,795,1,
case_num,796,1,
case_num,797,1,
case_num,798,1,
case_num,799,1,
case_num,8,1,
case_num,80,1,
case_num,800,1,
case_num,801,1,
case_num,802,1,
case_num,803,1,
case_num,804,1,
case_num,805,1,
case_num,806,1,
case_num,807,1,
case_num,808,1,
case_num,809,1,
case_num,81,1,
case_num,810,1,
case_num,811,1,
case_num,812,1,
case_num,813,1,
case_num,814,1,
case_num,815,1,
case_num,816,1,
case_num,817,1,
case_num,818,1,
case_num,819,1,
case_num,82,1,
case_num,820,1,
case_num,821,1,
case_num,822,1,
case_num,823,1,
case_num,824,1,
case_num,825,1,
case_num,826,1,
case_num,827,1,
case_num,828,1,
case_num,829,1,
case_num,83,1,
case_num,830,1,
case_num,831,1,
case_num,832,1,
case_num,833,1,
case_num,834,1,
case_num,835,1,
case_num,836,1,
case_num,837,1,
case_num,838,1,
case_num,839,1,
case_num,84,1,
case_num,840,1,
case_num,841,1,
case_num,842,1,
case_num,843,1,
case_num,844,1,
case_num,845,1,
case_num,846,1,
case_num,847,1,
case_num,848,1,
case_num,849,1,
case_num,85,1,
case_num,850,1,
case_num,851,1,
case_num,852,1,
case_num,853,1,
case_num,854,1,
case_num,855,1,
case_num,856,1,
case_num,857,1,
case_num,858,1,
case_num,859,1,
case_num,86,1,
case_num,860,1,
case_num,861,1,
case_num,862,1,
case_num,863,1,
case_num,864,1,
case_num,865,1,
case_num,866,1,
case_num,867,1,
case_num,868,1,
case_num,869,1,
case_num,87,1,
case_num,870,1,
case_num,871,1,
case_num,872,1,
case_num,873,1,
case_num,874,1,
case_num,875,1,
case_num,876,1,
case_num,877,1,
case_num,878,1,
case_num,879,1,
case_num,88,1,
case_num,880,1,
case_num,881,1,
case_num,882,1,
case_num,883,1,
case_num,884,1,
case_num,885,1,
case_num,886,1,
case_num,887,1,
case_num,888,1,
case_num,889,1,
case_num,89,1,
case_num,890,1,
case_num,891,1,
case_num,892,1,
case_num,893,1,
case_num,894,1,
case_num,895,1,
case_num,896,1,
case_num,897,1,
case_num,898,1,
case_num,899,1,
case_num,9,1,
case_num,90,1,
case_num,900,1,
case_num,901,1,
case_num,902,1,
case_num,903,1,
case_num,904,1,
case_num,905,1,
case_num,906,1,
case_num,907,1,
case_num,908,1,
case_num,909,1,
case_num,91,1,
case_num,910,1,
case_num,911,1,
case_num,912,1,
case_num,913,1,
case_num,914,1,
case_num,915,1,
case_num,916,1,
case_num,917,1,
case_num,918,1,
case_num,919,1,
case_num,92,1,
case_num,920,1,
case_num,921,1,
case_num,922,1,
case_num,923,1,
case_num,924,1,
case_num,925,1,
case_num,926,1,
case_num,927,1,
case_num,928,1,
case_num,929,1,
case_num,93,1,
case_num,930,1,
case_num,931,1,
case_num,932,1,
case_num,933,1,
case_num,934,1,
case_num,935,1,
case_num,936,1,
case_num,937,1,
case_num,938,1,
case_num,939,1,
case_num,94,1,
case_num,940,1,
case_num,941,1,
case_num,942,1,
case_num,943,1,
case_num,944,1,
case_num,945,1,
case_num,946,1,
case_num,947,1,
case_num,948,1,
case_num,949,1,
case_num,95,1,
case_num,950,1,
case_num,951,1,
case_num,952,1,
case_num,953,1,
case_num,954,1,
case_num,955,1,
case_num,956,1,
case_num,957,1,
case_num,958,1,
case_num,959,1,
case_num,96,1,
case_num,960,1,
case_num,961,1,
case_num,962,1,
case_num,963,1,
case_num,964,1,
case_num,965,1,
case_num,966,1,
case_num,967,1,
case_num,968,1,
case_num,969,1,
case_num,97,1,
case_num,970,1,
case_num,971,1,
case_num,972,1,
case_num,973,1,
case_num,974,1,
case_num,975,1,
case_num,976,1,
case_num,977,1,
case_num,978,1,
case_num,979,1,
case_num,98,1,
case_num,980,1,
case_num,981,1,
case_num,982,1,
case_num,983,1,
case_num,984,1,
case_num,985,1,
case_num,986,1,
case_num,987,1,
case_num,988,1,
case_num,989,1,
case_num,99,1,
case_num,990,1,
case_num,991,1,
case_num,992,1,
case_num,993,1,
case_num,994,1,
case_num,995,1,
case_num,996,1,
case_num,997,1,
case_num,998,1,
case_num,999,1,
diagnosis,basal cell carcinoma,42,
diagnosis,blue nevus,28,
diagnosis,clark nevus,399,
diagnosis,combined nevus,13,
diagnosis,congenital nevus,17,
diagnosis,dermal nevus,33,
diagnosis,dermatofibroma,20,
diagnosis,lentigo,24,
diagnosis,melanoma,1,
diagnosis,melanoma (0.76 to 1.5 mm),53,
diagnosis,melanoma (in situ),64,
diagnosis,melanoma (less than 0.76 mm),102,
diagnosis,melanoma (more than 1.5 mm),28,
diagnosis,melanoma metastasis,4,
diagnosis,melanosis,16,
diagnosis,miscellaneous,8,
diagnosis,recurrent nevus,6,
diagnosis,reed or spitz nevus,79,
diagnosis,seborrheic keratosis,45,
diagnosis,vascular lesion,29,
seven_point_score,0,311,
seven_point_score,1,166,
seven_point_score,10,2,
seven_point_score,2,165,
seven_point_score,3,91,
seven_point_score,4,96,
seven_point_score,5,81,
seven_point_score,6,50,
seven_point_score,7,28,
seven_point_score,8,14,
seven_point_score,9,7,
pigment_network,absent,400,
pigment_network,atypical,230,
pigment_network,typical,381,
streaks,absent,653,
streaks,irregular,251,
streaks,regular,107,
pigmentation,absent,588,
pigmentation,diffuse irregular,265,
pigmentation,diffuse regular,115,
pigmentation,localized irregular,40,
pigmentation,localized regular,3,
regression_structures,absent,758,
regression_structures,blue areas,116,
regression_structures,combinations,99,
regression_structures,white areas,38,
dots_and_globules,absent,229,
dots_and_globules,irregular,448,
dots_and_globules,regular,334,
blue_whitish_veil,absent,816,
blue_whitish_veil,present,195,
vascular_structures,absent,823,
vascular_structures,arborizing,31,
vascular_structures,comma,23,
vascular_structures,dotted,53,
vascular_structures,hairpin,15,
vascular_structures,linear irregular,18,
vascular_structures,within regression,46,
vascular_structures,wreath,2,
level_of_diagnostic_difficulty,high,254,
level_of_diagnostic_difficulty,low,385,
level_of_diagnostic_difficulty,medium,372,
elevation,flat,448,
elevation,nodular,123,
elevation,palpable,440,
location,abdomen,125,
location,acral,62,
location,back,281,
location,buttocks,21,
location,chest,100,
location,genital areas,8,
location,head neck,92,
location,lower limbs,200,
location,upper limbs,122,
sex,female,522,
sex,male,489,
management,clinical follow up,296,
management,excision,605,
management,no further examination,110,
clinic,A1l/Aal001.jpg,1,
clinic,A1l/Aal001bis.jpg,1,
clinic,A1l/Aal003.jpg,1,
clinic,A1l/Aal005.jpg,1,
clinic,A1l/Aal007.jpg,1,
clinic,A1l/Aal009.jpg,1,
clinic,A1l/Aal011.jpg,1,
clinic,A1l/Aal013.jpg,1,
clinic,A1l/Aal017.jpg,1,
clinic,A1l/Aal019.jpg,1,
clinic,A1l/Aal023.jpg,1,
clinic,A1l/Aal027.jpg,1,
clinic,A1l/Aal029.jpg,1,
clinic,A1l/Aal037.jpg,1,
clinic,A1l/Aal043.jpg,1,
clinic,A1l/Aal045.jpg,1,
clinic,A1l/Aal047.jpg,1,
clinic,A1l/Aal051.jpg,1,
clinic,A1l/Aal055.jpg,1,
clinic,A1l/Aal061.jpg,1,
clinic,A1l/Aal063.jpg,1,
clinic,A1l/Aal065.jpg,1,
clinic,A1l/Aal067.jpg,1,
clinic,A1l/Aal077.jpg,1,
clinic,A1l/Aal085.jpg,1,
clinic,A1l/Aal087.jpg,1,
clinic,A1l/Aal089.jpg,1,
clinic,A1l/Aal093.jpg,1,
clinic,A1l/Aal095.jpg,1,
clinic,A1l/Aal099.jpg,1,
clinic,A2l/Abl100.jpg,1,
clinic,A2l/Abl107.jpg,1,
clinic,A2l/Abl111.jpg,1,
clinic,A2l/Abl115.jpg,1,
clinic,A2l/Abl117.jpg,1,
clinic,A2l/Abl120.jpg,1,
clinic,A2l/Abl122.jpg,1,
clinic,A2l/Abl126.jpg,1,
clinic,A2l/Abl128.jpg,1,
clinic,A2l/Abl134.jpg,1,
clinic,A2l/Abl136.jpg,1,
clinic,A2l/Abl138.jpg,1,
clinic,A2l/Abl140.jpg,1,
clinic,A2l/Abl142.jpg,1,
clinic,A2l/Abl144.jpg,1,
clinic,A2l/Abl146.jpg,1,
clinic,A2l/Abl150.jpg,1,
clinic,A2l/Abl152.jpg,1,
clinic,A2l/Abl154.jpg,1,
clinic,A2l/Abl156.jpg,1,
clinic,A2l/Abl160.jpg,1,
clinic,A2l/Abl162.jpg,1,
clinic,A2l/Abl164.jpg,1,
clinic,A2l/Abl166.jpg,1,
clinic,A2l/Abl169.jpg,1,
clinic,A2l/Abl170.jpg,1,
clinic,A2l/Abl174.jpg,1,
clinic,A2l/Abl176.jpg,1,
clinic,A2l/Abl178.jpg,1,
clinic,A2l/Abl182.jpg,1,
clinic,A2l/Abl184.jpg,1,
clinic,A2l/Abl188.jpg,1,
clinic,A2l/Abl190.jpg,1,
clinic,A2l/Abl192.jpg,1,
clinic,A2l/Abl194.jpg,1,
clinic,A2l/Abl196.jpg,1,
clinic,A3l/Acl200.jpg,1,
clinic,A3l/Acl202.jpg,1,
clinic,A3l/Acl204.jpg,1,
clinic,A3l/Acl206.jpg,1,
clinic,A3l/Acl208.jpg,1,
clinic,A3l/Acl210.jpg,1,
clinic,A3l/Acl214.jpg,1,
clinic,A3l/Acl216.jpg,1,
clinic,A3l/Acl218.jpg,1,
clinic,A3l/Acl220.jpg,1,
clinic,A3l/Acl222.jpg,1,
clinic,A3l/Acl224.jpg,1,
clinic,A3l/Acl226.jpg,1,
clinic,A3l/Acl228.jpg,1,
clinic,A3l/Acl230.jpg,1,
clinic,A3l/Acl232.jpg,1,
clinic,A3l/Acl234.jpg,1,
clinic,A3l/Acl236.jpg,1,
clinic,A3l/Acl238.jpg,1,
clinic,A3l/Acl240.jpg,1,
clinic,A3l/Acl242.jpg,1,
clinic,A3l/Acl244.jpg,1,
clinic,A3l/Acl246.jpg,1,
clinic,A3l/Acl248.jpg,1,
clinic,A3l/Acl250.jpg,1,
clinic,A3l/Acl252.jpg,1,
clinic,A3l/Acl258.jpg,1,
clinic,A3l/Acl260.jpg,1,
clinic,A3l/Acl262.jpg,1,
clinic,A3l/Acl265.jpg,1,
clinic,A3l/Acl270.jpg,1,
clinic,A3l/Acl278.jpg,1,
clinic,A3l/Acl280.jpg,1,
clinic,A3l/Acl282.jpg,1,
clinic,A3l/Acl284.jpg,1,
clinic,A3l/Acl286.jpg,1,
clinic,A3l/Acl294.jpg,1,
clinic,A3l/Acl298.jpg,1,
clinic,Adl/Adl300.jpg,1,
clinic,Adl/Adl304.jpg,1,
clinic,Adl/Adl310.jpg,1,
clinic,Adl/Adl312.jpg,1,
clinic,Adl/Adl318.jpg,1,
clinic,Adl/Adl320.jpg,1,
clinic,Adl/Adl324.jpg,1,
clinic,Adl/Adl328.jpg,1,
clinic,Adl/Adl330.jpg,1,
clinic,Adl/Adl332.jpg,1,
clinic,Adl/Adl334.jpg,1,
clinic,Adl/Adl337.jpg,1,
clinic,Adl/Adl339.jpg,1,
clinic,Adl/Adl343.jpg,1,
clinic,Adl/Adl345.jpg,1,
clinic,Adl/Adl347.jpg,1,
clinic,Adl/Adl349.jpg,1,
clinic,Adl/Adl355.jpg,1,
clinic,Adl/Adl357.jpg,1,
clinic,Adl/Adl361.jpg,1,
clinic,Adl/Adl365.jpg,1,
clinic,Adl/Adl370.jpg,1,
clinic,Adl/Adl372.jpg,1,
clinic,Adl/Adl374.jpg,1,
clinic,Adl/Adl376.jpg,1,
clinic,Adl/Adl378.jpg,1,
clinic,Adl/Adl380.jpg,1,
clinic,Adl/Adl382.jpg,1,
clinic,Adl/Adl384.jpg,1,
clinic,Adl/Adl386.jpg,1,
clinic,Adl/Adl386bis.jpg,1,
clinic,Adl/Adl388.jpg,1,
clinic,Adl/Adl390.jpg,1,
clinic,Adl/Adl394.jpg,1,
clinic,Adl/Adl398.jpg,1,
clinic,Ael/Ael400.jpg,1,
clinic,Ael/Ael404.jpg,1,
clinic,Ael/Ael406.jpg,1,
clinic,Ael/Ael408.jpg,1,
clinic,Ael/Ael412.jpg,1,
clinic,Ael/Ael414.jpg,1,
clinic,Ael/Ael418.jpg,1,
clinic,Ael/Ael420.jpg,1,
clinic,Ael/Ael424.jpg,1,
clinic,Ael/Ael426.jpg,1,
clinic,Ael/Ael430.jpg,1,
clinic,Ael/Ael432.jpg,1,
clinic,Ael/Ael434.jpg,1,
clinic,Ael/Ael441.jpg,1,
clinic,Ael/Ael443.jpg,1,
clinic,Ael/Ael445.jpg,1,
clinic,Ael/Ael447.jpg,1,
clinic,Ael/Ael451.jpg,1,
clinic,Ael/Ael454.jpg,1,
clinic,Ael/Ael458.jpg,1,
clinic,Ael/Ael464.jpg,1,
clinic,Ael/Ael466.jpg,1,
clinic,Ael/Ael468.jpg,1,
clinic,Ael/Ael470.jpg,1,
clinic,Ael/Ael474.jpg,1,
clinic,Ael/Ael476.jpg,1,
clinic,Ael/Ael480.jpg,1,
clinic,Ael/Ael483.jpg,1,
clinic,Ael/Ael487.jpg,1,
clinic,Ael/Ael489.jpg,1,
clinic,Ael/Ael491.jpg,1,
clinic,Ael/Ael493.jpg,1,
clinic,Ael/Ael495.jpg,1,
clinic,Ael/Ael497.jpg,1,
clinic,Ael/Ael501.jpg,1,
clinic,Ael/Ael503.jpg,1,
clinic,Ael/Ael505bis.jpg,1,
clinic,Ael/Ael507.jpg,1,
clinic,Ael/Ael509.jpg,1,
clinic,Ael/Ael511.jpg,1,
clinic,Ael/Ael513.jpg,1,
clinic,Ael/Ael516.jpg,1,
clinic,Ael/Ael518bis.jpg,1,
clinic,Ael/Ael520.jpg,1,
clinic,Ael/Ael522.jpg,1,
clinic,Ael/Ael524.jpg,1,
clinic,Ael/Ael526.jpg,1,
clinic,FAL/Fal005.jpg,1,
clinic,FAL/Fal010.jpg,1,
clinic,FAL/Fal019.jpg,1,
clinic,FAL/Fal021.jpg,1,
clinic,FAL/Fal023.jpg,1,
clinic,FAL/Fal035.jpg,1,
clinic,FAL/Fal037.jpg,1,
clinic,FAL/Fal041.jpg,1,
clinic,FAL/Fal043.jpg,1,
clinic,FAL/Fal047.jpg,1,
clinic,FAL/Fal049.jpg,1,
clinic,FAL/Fal053.jpg,1,
clinic,FAL/Fal063.jpg,1,
clinic,FAL/Fal065.jpg,1,
clinic,FAL/Fal069.jpg,1,
clinic,FAL/Fal071.jpg,1,
clinic,FAL/Fal077.jpg,1,
clinic,FAL/Fal089.jpg,1,
clinic,FAL/Fal093.jpg,1,
clinic,FAL/Fal095.jpg,1,
clinic,FAL/Fal099.jpg,1,
clinic,FBL/FBL003.JPG,1,
clinic,FBL/FBL009.JPG,1,
clinic,FBL/FBL031.JPG,1,
clinic,FBL/FBL043.JPG,1,
clinic,FBL/FBL047.JPG,1,
clinic,FBL/FBL061.JPG,1,
clinic,FBL/FBL071.JPG,1,
clinic,FBL/Fbl001.jpg,1,
clinic,FBL/Fbl005.jpg,1,
clinic,FBL/Fbl011.jpg,1,
clinic,FBL/Fbl017.jpg,1,
clinic,FBL/Fbl019.jpg,1,
clinic,FBL/Fbl021.jpg,1,
clinic,FBL/Fbl023.jpg,1,
clinic,FBL/Fbl025.jpg,1,
clinic,FBL/Fbl027.jpg,1,
clinic,FBL/Fbl029.jpg,1,
clinic,FBL/Fbl035.jpg,1,
clinic,FBL/Fbl037.jpg,1,
clinic,FBL/Fbl039.jpg,1,
clinic,FBL/Fbl041.jpg,1,
clinic,FBL/Fbl045.jpg,1,
clinic,FBL/Fbl049.jpg,1,
clinic,FBL/Fbl053.jpg,1,
clinic,FBL/Fbl055.jpg,1,
clinic,FBL/Fbl057.jpg,1,
clinic,FBL/Fbl063.jpg,1,
clinic,FBL/Fbl065.jpg,1,
clinic,FBL/Fbl067.jpg,1,
clinic,FBL/Fbl073.jpg,1,
clinic,FBL/Fbl075.jpg,1,
clinic,FBL/Fbl079.jpg,1,
clinic,FBL/Fbl081.jpg,1,
clinic,FBL/Fbl087.jpg,1,
clinic,FBL/Fbl089.jpg,1,
clinic,FBL/Fbl091.jpg,1,
clinic,FBL/Fbl093.jpg,1,
clinic,FBL/Fbl097.jpg,1,
clinic,FCL/FCL011.JPG,1,
clinic,FCL/FCL017.JPG,1,
clinic,FCL/FCL021.JPG,1,
clinic,FCL/FCL023.JPG,1,
clinic,FCL/FCL025.JPG,1,
clinic,FCL/FCL031.JPG,1,
clinic,FCL/FCL037.JPG,1,
clinic,FCL/FCL047.JPG,1,
clinic,FCL/FCL053.JPG,1,
clinic,FCL/FCL067.JPG,1,
clinic,FCL/FCL069.JPG,1,
clinic,FCL/FCL073.JPG,1,
clinic,FCL/FCL075.JPG,1,
clinic,FCL/FCL087.JPG,1,
clinic,FCL/FCL089.JPG,1,
clinic,FCL/FCL093.JPG,1,
clinic,FCL/Fcl009.jpg,1,
clinic,FCL/Fcl013.jpg,1,
clinic,FCL/Fcl015.jpg,1,
clinic,FCL/Fcl027.jpg,1,
clinic,FCL/Fcl029.jpg,1,
clinic,FCL/Fcl033.jpg,1,
clinic,FCL/Fcl035.jpg,1,
clinic,FCL/Fcl039.jpg,1,
clinic,FCL/Fcl043.jpg,1,
clinic,FCL/Fcl049.jpg,1,
clinic,FCL/Fcl051.jpg,1,
clinic,FCL/Fcl055.jpg,1,
clinic,FCL/Fcl057.jpg,1,
clinic,FCL/Fcl059.jpg,1,
clinic,FCL/Fcl061.jpg,1,
clinic,FCL/Fcl065.jpg,1,
clinic,FCL/Fcl079.jpg,1,
clinic,FCL/Fcl083.jpg,1,
clinic,FCL/Fcl091.jpg,1,
clinic,FCL/Fcl095.jpg,1,
clinic,FCL/Fcl097.jpg,1,
clinic,FCL/Fcl099.jpg,1,
clinic,FDL/FDL035.JPG,1,
clinic,FDL/FDL055.JPG,1,
clinic,FDL/Fdl001.jpg,1,
clinic,FDL/Fdl013.jpg,1,
clinic,FDL/Fdl015.jpg,1,
clinic,FDL/Fdl019.jpg,1,
clinic,FDL/Fdl021.jpg,1,
clinic,FDL/Fdl025.jpg,1,
clinic,FDL/Fdl027.jpg,1,
clinic,FDL/Fdl029.jpg,1,
clinic,FDL/Fdl031.jpg,1,
clinic,FDL/Fdl051.jpg,1,
clinic,FDL/Fdl053.jpg,1,
clinic,FDL/Fdl057.jpg,1,
clinic,FDL/Fdl059.jpg,1,
clinic,FDL/Fdl061.jpg,1,
clinic,FDL/Fdl067.jpg,1,
clinic,FDL/Fdl069.jpg,1,
clinic,FDL/Fdl072.jpg,1,
clinic,FDL/Fdl073.jpg,1,
clinic,FEL/FEL001.JPG,1,
clinic,FEL/Fel015.jpg,1,
clinic,FEL/Fel017.jpg,1,
clinic,FEL/Fel023.jpg,1,
clinic,FEL/Fel029.jpg,1,
clinic,FEL/Fel033.jpg,1,
clinic,FEL/Fel037.jpg,1,
clinic,FEL/Fel051.jpg,1,
clinic,FEL/Fel063.jpg,1,
clinic,FEL/Fel067.jpg,1,
clinic,FEL/Fel069.jpg,1,
clinic,FEL/Fel071.jpg,1,
clinic,FEL/Fel073.jpg,1,
clinic,FEL/Fel079.jpg,1,
clinic,FEL/Fel081.jpg,1,
clinic,FEL/Fel083.jpg,1,
clinic,FEL/Fel085.jpg,1,
clinic,FEL/Fel087.jpg,1,
clinic,FEL/Fel091.jpg,1,
clinic,FEL/Fel095.jpg,1,
clinic,FEL/Fel097.jpg,1,
clinic,FEL/Fel099.jpg,1,
clinic,FFL/Ffl001.jpg,1,
clinic,FFL/Ffl003.jpg,1,
clinic,FFL/Ffl005.jpg,1,
clinic,FFL/Ffl007.jpg,1,
clinic,FFL/Ffl009.jpg,1,
clinic,FFL/Ffl013.jpg,1,
clinic,FFL/Ffl015.jpg,1,
clinic,FFL/Ffl019.jpg,1,
clinic,FFL/Ffl025.jpg,1,
clinic,FFL/Ffl031.jpg,1,
clinic,FFL/Ffl033.jpg,1,
clinic,FFL/Ffl041.jpg,1,
clinic,FFL/Ffl051.jpg,1,
clinic,FFL/Ffl061.jpg,1,
clinic,FFL/Ffl065.jpg,1,
clinic,FFL/Ffl067.jpg,1,
clinic,FFL/Ffl069.jpg,1,
clinic,FFL/Ffl077.jpg,1,
clinic,FFL/Ffl079.jpg,1,
clinic,FFL/Ffl081.jpg,1,
clinic,FFL/Ffl083.jpg,1,
clinic,FFL/Ffl091.jpg,1,
clinic,FFL/Ffl093.jpg,1,
clinic,FFL/Ffl095.jpg,1,
clinic,FFL/Ffl099.jpg,1,
clinic,Fgl/Fgl001.jpg,1,
clinic,Fgl/Fgl003.jpg,1,
clinic,Fgl/Fgl007.jpg,1,
clinic,Fgl/Fgl009.jpg,1,
clinic,Fgl/Fgl011.jpg,1,
clinic,Fgl/Fgl013.jpg,1,
clinic,Fgl/Fgl017.jpg,1,
clinic,Fgl/Fgl019.jpg,1,
clinic,Fgl/Fgl022.jpg,1,
clinic,Fgl/Fgl025.jpg,1,
clinic,Fgl/Fgl028.jpg,1,
clinic,Fgl/Fgl031.jpg,1,
clinic,Fgl/Fgl032.jpg,1,
clinic,Fgl/Fgl040.jpg,1,
clinic,Fgl/Fgl041.jpg,1,
clinic,Fgl/Fgl043.jpg,1,
clinic,Fgl/Fgl046.jpg,1,
clinic,Fgl/Fgl049.jpg,1,
clinic,Fgl/Fgl050.jpg,1,
clinic,Fgl/Fgl052.jpg,1,
clinic,Fgl/Fgl054.jpg,1,
clinic,Fgl/Fgl056.jpg,1,
clinic,Fgl/Fgl059.jpg,1,
clinic,Fgl/Fgl060.jpg,1,
clinic,Fgl/Fgl062.jpg,1,
clinic,Fgl/Fgl069.jpg,1,
clinic,Fgl/Fgl071.jpg,1,
clinic,Fgl/Fgl073.jpg,1,
clinic,Fgl/Fgl077.jpg,1,
clinic,Fgl/Fgl080.jpg,1,
clinic,Fgl/Fgl081.jpg,1,
clinic,Fgl/Fgl085.jpg,1,
clinic,Fgl/Fgl091.jpg,1,
clinic,Fhl/Fhl002.jpg,1,
clinic,Fhl/Fhl003.jpg,1,
clinic,Fhl/Fhl005.jpg,1,
clinic,Fhl/Fhl007.jpg,1,
clinic,Fhl/Fhl009.jpg,1,
clinic,Fhl/Fhl012.jpg,1,
clinic,Fhl/Fhl013.jpg,1,
clinic,Fhl/Fhl015.jpg,1,
clinic,Fhl/Fhl018.jpg,1,
clinic,Fhl/Fhl021.jpg,1,
clinic,Fhl/Fhl027.jpg,1,
clinic,Fhl/Fhl029.jpg,1,
clinic,Fhl/Fhl031.jpg,1,
clinic,Fhl/Fhl033.jpg,1,
clinic,Fhl/Fhl037.jpg,1,
clinic,Fhl/Fhl039.jpg,1,
clinic,Fhl/Fhl041.jpg,1,
clinic,Fhl/Fhl043.jpg,1,
clinic,Fhl/Fhl045.jpg,1,
clinic,Fhl/Fhl047.jpg,1,
clinic,Fhl/Fhl049.jpg,1,
clinic,Fhl/Fhl051.jpg,1,
clinic,Fhl/Fhl057.jpg,1,
clinic,Fhl/Fhl059.jpg,1,
clinic,Fhl/Fhl063.jpg,1,
clinic,Fhl/Fhl065.jpg,1,
clinic,Fhl/Fhl069.jpg,1,
clinic,Fhl/Fhl071.jpg,1,
clinic,Fhl/Fhl073.jpg,1,
clinic,Fhl/Fhl075.jpg,1,
clinic,Fhl/Fhl077.jpg,1,
clinic,Fhl/Fhl079.jpg,1,
clinic,Fhl/Fhl081.jpg,1,
clinic,Fhl/Fhl083.jpg,1,
clinic,Fhl/Fhl085.jpg,1,
clinic,Fhl/Fhl087.jpg,1,
clinic,Fhl/Fhl089.jpg,1,
clinic,Fhl/Fhl091.jpg,1,
clinic,Fhl/Fhl093.jpg,1,
clinic,Fhl/Fhl095.jpg,1,
clinic,Fhl/Fhl097.jpg,1,
clinic,Fhl/Fhl099.jpg,1,
clinic,Fil/Fil003.jpg,1,
clinic,Fil/Fil005.jpg,1,
clinic,Fil/Fil007.jpg,1,
clinic,Fil/Fil009.jpg,1,
clinic,Fil/Fil031.jpg,1,
clinic,Fil/Fil039.jpg,1,
clinic,Fil/Fil051.jpg,1,
clinic,Fil/Fil061.jpg,1,
clinic,Fil/Fil063.jpg,1,
clinic,Fil/Fil069.jpg,1,
clinic,Fil/Fil079.jpg,1,
clinic,Fil/Fil081.jpg,1,
clinic,Fil/Fil087.jpg,1,
clinic,Fil/Fil093.jpg,1,
clinic,Fll/Fll018.jpg,1,
clinic,Fll/Fll020.jpg,1,
clinic,Fll/Fll022.jpg,1,
clinic,Fll/Fll026.jpg,1,
clinic,Fll/Fll034.jpg,1,
clinic,Fll/Fll036.jpg,1,
clinic,Fll/Fll038.jpg,1,
clinic,Fll/Fll040.jpg,1,
clinic,Fll/Fll042.jpg,1,
clinic,Fll/Fll044.jpg,1,
clinic,Fll/Fll046.jpg,1,
clinic,Fll/Fll064.jpg,1,
clinic,Fll/Fll068.jpg,1,
clinic,Fll/Fll070.jpg,1,
clinic,Fll/Fll076.jpg,1,
clinic,Fll/Fll082.jpg,1,
clinic,Fll/Fll084.jpg,1,
clinic,Fll/Fll086.jpg,1,
clinic,Fll/Fll088.jpg,1,
clinic,Fll/Fll090.jpg,1,
clinic,Fll/Fll096.jpg,1,
clinic,Fll/Fll103.jpg,1,
clinic,Fll/Fll107.jpg,1,
clinic,Fll/Fll115.jpg,1,
clinic,Fll/Fll117.jpg,1,
clinic,Fll/Fll121.jpg,1,
clinic,Fll/Fll125.jpg,1,
clinic,Fll/Fll127.jpg,1,
clinic,Fll/Fll129.jpg,1,
clinic,Fll/Fll131.jpg,1,
clinic,Fll/Fll135.jpg,1,
clinic,Fll/Fll141.jpg,1,
clinic,Fml/Fml009.jpg,1,
clinic,Fml/Fml019.jpg,1,
clinic,Fml/Fml025.jpg,1,
clinic,Gal/Gal005.jpg,1,
clinic,Gal/Gal007.jpg,1,
clinic,Gal/Gal009.jpg,1,
clinic,Gal/Gal015.jpg,1,
clinic,Gal/Gal024.jpg,1,
clinic,Gal/Gal032.jpg,1,
clinic,Gal/Gal038.jpg,1,
clinic,Gal/Gal042.jpg,1,
clinic,Gal/Gal044.jpg,1,
clinic,Gal/Gal046.jpg,1,
clinic,Gal/Gal048.jpg,1,
clinic,Gal/Gal057.jpg,1,
clinic,Gal/Gal061.jpg,1,
clinic,Gal/Gal097.jpg,1,
clinic,Gal/Gal107.jpg,1,
clinic,Gal/Gal112.jpg,1,
clinic,Gal/Gal129.jpg,1,
clinic,Gal/Gal133.jpg,1,
clinic,Gal/Gal145.jpg,1,
clinic,Gal/Gal151.jpg,1,
clinic,Gal/Gal168.jpg,1,
clinic,Gal/Gal170.jpg,1,
clinic,Gal/Gal172.jpg,1,
clinic,Gal/Gal184.jpg,1,
clinic,Gal/Gal190.jpg,1,
clinic,Gal/Gal208.jpg,1,
clinic,Gal/Gal210.jpg,1,
clinic,Gal/Gal215.jpg,1,
clinic,Gal/Gal217.jpg,1,
clinic,Gal/Gal219.jpg,1,
clinic,Gal/Gal221.jpg,1,
clinic,Gal/Gal225.jpg,1,
clinic,Gal/Gal229.jpg,1,
clinic,Gal/Gal231.jpg,1,
clinic,Gal/Gal237.jpg,1,
clinic,Gal/Gal239.jpg,1,
clinic,Gal/Gal256.jpg,1,
clinic,Gal/Gal261.jpg,1,
clinic,Gbl/Gbl006.jpg,1,
clinic,Gbl/Gbl013.jpg,1,
clinic,Gcl/Gcl001.jpg,1,
clinic,Gcl/Gcl038.jpg,1,
clinic,Gcl/Gcl051.jpg,1,
clinic,Gcl/Gcl057.jpg,1,
clinic,Gcl/Gcl072.jpg,1,
clinic,Gcl/Gcl093.jpg,1,
clinic,Gdl/Gdl011.jpg,1,
clinic,Gdl/Gdl013.jpg,1,
clinic,Gdl/Gdl019.jpg,1,
clinic,Gdl/Gdl022.jpg,1,
clinic,Gdl/Gdl024.jpg,1,
clinic,Gdl/Gdl033.jpg,1,
clinic,Gdl/Gdl035.jpg,1,
clinic,Gdl/Gdl088.jpg,1,
clinic,Gdl/Gdl099.jpg,1,
clinic,Ggl/Ggl001.jpg,1,
clinic,Ggl/Ggl003.jpg,1,
clinic,Ggl/Ggl005.jpg,1,
clinic,Ggl/Ggl007.jpg,1,
clinic,Ggl/Ggl009.jpg,1,
clinic,Ggl/Ggl011.jpg,1,
clinic,Ggl/Ggl013.jpg,1,
clinic,Ggl/Ggl015.jpg,1,
clinic,Ggl/Ggl017.jpg,1,
clinic,Ggl/Ggl019.jpg,1,
clinic,Ggl/Ggl021.jpg,1,
clinic,Ggl/Ggl023.jpg,1,
clinic,Ggl/Ggl025.jpg,1,
clinic,Ggl/Ggl027.jpg,1,
clinic,Ggl/Ggl029.jpg,1,
clinic,Ggl/Ggl031.jpg,1,
clinic,Ggl/Ggl033.jpg,1,
clinic,Ggl/Ggl035.jpg,1,
clinic,Ggl/Ggl039.jpg,1,
clinic,Ggl/Ggl041.jpg,1,
clinic,Ggl/Ggl043.jpg,1,
clinic,Ggl/Ggl045.jpg,1,
clinic,Ggl/Ggl047.jpg,1,
clinic,Ggl/Ggl049.jpg,1,
clinic,Ggl/Ggl051.jpg,1,
clinic,Ggl/Ggl053.jpg,1,
clinic,Ggl/Ggl055.jpg,1,
clinic,Ggl/Ggl057.jpg,1,
clinic,Ggl/Ggl059.jpg,1,
clinic,Ggl/Ggl061.jpg,1,
clinic,Ggl/Ggl065.jpg,1,
clinic,Ggl/Ggl067.jpg,1,
clinic,Ggl/Ggl069.jpg,1,
clinic,Ggl/Ggl071.jpg,1,
clinic,Ggl/Ggl073.jpg,1,
clinic,Ggl/Ggl075.jpg,1,
clinic,Ggl/Ggl077.jpg,1,
clinic,Ggl/Ggl081.jpg,1,
clinic,Ggl/Ggl083.jpg,1,
clinic,Ggl/Ggl085.jpg,1,
clinic,Ggl/Ggl087.jpg,1,
clinic,Ggl/Ggl089.jpg,1,
clinic,Gzl/gzl01.jpg,1,
clinic,Gzl/gzl03.jpg,1,
clinic,Gzl/gzl05.jpg,1,
clinic,Gzl/gzl07.jpg,1,
clinic,Gzl/gzl09.jpg,1,
clinic,Gzl/gzl11.jpg,1,
clinic,Gzl/gzl13.jpg,1,
clinic,Gzl/gzl15.jpg,1,
clinic,Gzl/gzl17.jpg,1,
clinic,Gzl/gzl19.jpg,1,
clinic,Gzl/gzl21.jpg,1,
clinic,Gzl/gzl23.jpg,1,
clinic,Gzl/gzl25.jpg,1,
clinic,Gzl/gzl27.jpg,1,
clinic,Gzl/gzl29.jpg,1,
clinic,Gzl/gzl31.jpg,1,
clinic,Gzl/gzl33.jpg,1,
clinic,Gzl/gzl35.jpg,1,
clinic,Gzl/gzl37.jpg,1,
clinic,Gzl/gzl41.jpg,1,
clinic,Gzl/gzl45.jpg,1,
clinic,Gzl/gzl47.jpg,1,
clinic,Gzl/gzl49.jpg,1,
clinic,Gzl/gzl51.jpg,1,
clinic,Gzl/gzl53.jpg,1,
clinic,Gzl/gzl55.jpg,1,
clinic,Gzl/gzl57.jpg,1,
clinic,Gzl/gzl59.jpg,1,
clinic,Gzl/gzl61.jpg,1,
clinic,Gzl/gzl63.jpg,1,
clinic,Gzl/gzl65.jpg,1,
clinic,Gzl/gzl67.jpg,1,
clinic,Gzl/gzl69.jpg,1,
clinic,Gzl/gzl71.jpg,1,
clinic,Gzl/gzl73.jpg,1,
clinic,Gzl/gzl75.jpg,1,
clinic,Gzl/gzl77.jpg,1,
clinic,Gzl/gzl79.jpg,1,
clinic,Gzl/gzl81.jpg,1,
clinic,Gzl/gzl83.jpg,1,
clinic,Gzl/gzl85.jpg,1,
clinic,Gzl/gzl87.jpg,1,
clinic,NAL/NAL085.JPG,1,
clinic,NAL/Nal003.jpg,1,
clinic,NAL/Nal007.jpg,1,
clinic,NAL/Nal009.jpg,1,
clinic,NAL/Nal017.jpg,1,
clinic,NAL/Nal019.jpg,1,
clinic,NAL/Nal021.jpg,1,
clinic,NAL/Nal026.jpg,1,
clinic,NAL/Nal034.jpg,1,
clinic,NAL/Nal036.jpg,1,
clinic,NAL/Nal039.jpg,1,
clinic,NAL/Nal045.jpg,1,
clinic,NAL/Nal046.jpg,1,
clinic,NAL/Nal050.jpg,1,
clinic,NAL/Nal051.jpg,1,
clinic,NAL/Nal056.jpg,1,
clinic,NAL/Nal060.jpg,1,
clinic,NAL/Nal065.jpg,1,
clinic,NAL/Nal067.jpg,1,
clinic,NAL/Nal068.jpg,1,
clinic,NAL/Nal074.jpg,1,
clinic,NAL/Nal076.jpg,1,
clinic,NAL/Nal078.jpg,1,
clinic,NAL/Nal079.jpg,1,
clinic,NAL/Nal081.jpg,1,
clinic,NAL/Nal083.jpg,1,
clinic,NAL/Nal087.jpg,1,
clinic,NAL/Nal089.jpg,1,
clinic,NAL/Nal092.jpg,1,
clinic,NAL/Nal096.jpg,1,
clinic,NAL/Nal100.jpg,1,
clinic,NAL/nal097bis.jpg,1,
clinic,NBL/NBL021.JPG,1,
clinic,NBL/NBL041.JPG,1,
clinic,NBL/NBL043.JPG,1,
clinic,NBL/NBL047.JPG,1,
clinic,NBL/NBL049.JPG,1,
clinic,NBL/Nbl002.jpg,1,
clinic,NBL/Nbl003.jpg,1,
clinic,NBL/Nbl005.jpg,1,
clinic,NBL/Nbl008.jpg,1,
clinic,NBL/Nbl009.jpg,1,
clinic,NBL/Nbl012.jpg,1,
clinic,NBL/Nbl014.jpg,1,
clinic,NBL/Nbl018.jpg,1,
clinic,NBL/Nbl023.jpg,1,
clinic,NBL/Nbl026.jpg,1,
clinic,NBL/Nbl027.jpg,1,
clinic,NBL/Nbl029.jpg,1,
clinic,NBL/Nbl032.jpg,1,
clinic,NBL/Nbl033.jpg,1,
clinic,NBL/Nbl035.jpg,1,
clinic,NBL/Nbl039.jpg,1,
clinic,NBL/Nbl042.jpg,1,
clinic,NBL/Nbl045.jpg,1,
clinic,NBL/Nbl055.jpg,1,
clinic,NBL/Nbl058.jpg,1,
clinic,NBL/Nbl061.jpg,1,
clinic,NBL/Nbl062.jpg,1,
clinic,NBL/Nbl066.jpg,1,
clinic,NBL/Nbl073.jpg,1,
clinic,NBL/Nbl075.jpg,1,
clinic,NBL/Nbl079.jpg,1,
clinic,NBL/Nbl082.jpg,1,
clinic,NBL/Nbl085.jpg,1,
clinic,NBL/Nbl087.jpg,1,
clinic,NBL/Nbl096.jpg,1,
clinic,NBL/Nbl097.jpg,1,
clinic,NBL/Nbl099.jpg,1,
clinic,NCL/NCL070.JPG,1,
clinic,NCL/NCL077.JPG,1,
clinic,NCL/Ncl003.jpg,1,
clinic,NCL/Ncl005.jpg,1,
clinic,NCL/Ncl007.jpg,1,
clinic,NCL/Ncl009.jpg,1,
clinic,NCL/Ncl011.jpg,1,
clinic,NCL/Ncl013.jpg,1,
clinic,NCL/Ncl019.jpg,1,
clinic,NCL/Ncl021.jpg,1,
clinic,NCL/Ncl026.jpg,1,
clinic,NCL/Ncl031.jpg,1,
clinic,NCL/Ncl033.jpg,1,
clinic,NCL/Ncl036.jpg,1,
clinic,NCL/Ncl043.jpg,1,
clinic,NCL/Ncl047.jpg,1,
clinic,NCL/Ncl049.jpg,1,
clinic,NCL/Ncl052.jpg,1,
clinic,NCL/Ncl054.jpg,1,
clinic,NCL/Ncl055.jpg,1,
clinic,NCL/Ncl062.jpg,1,
clinic,NCL/Ncl065.jpg,1,
clinic,NCL/Ncl072.jpg,1,
clinic,NCL/Ncl075.jpg,1,
clinic,NCL/Ncl080.jpg,1,
clinic,NCL/Ncl084.jpg,1,
clinic,NCL/Ncl086.jpg,1,
clinic,NCL/Ncl094.jpg,1,
clinic,NCL/Ncl096.jpg,1,
clinic,NCL/Ncl099.jpg,1,
clinic,NDL/NDL034.JPG,1,
clinic,NDL/NDL049.JPG,1,
clinic,NDL/NDL053.JPG,1,
clinic,NDL/NDL062.JPG,1,
clinic,NDL/NDL064.JPG,1,
clinic,NDL/Ndl006.jpg,1,
clinic,NDL/Ndl010.jpg,1,
clinic,NDL/Ndl011.jpg,1,
clinic,NDL/Ndl017.jpg,1,
clinic,NDL/Ndl020.jpg,1,
clinic,NDL/Ndl023.jpg,1,
clinic,NDL/Ndl024.jpg,1,
clinic,NDL/Ndl026.jpg,1,
clinic,NDL/Ndl029.jpg,1,
clinic,NDL/Ndl030.jpg,1,
clinic,NDL/Ndl032.jpg,1,
clinic,NDL/Ndl036.jpg,1,
clinic,NDL/Ndl038.jpg,1,
clinic,NDL/Ndl041.jpg,1,
clinic,NDL/Ndl045.jpg,1,
clinic,NDL/Ndl051.jpg,1,
clinic,NDL/Ndl055.jpg,1,
clinic,NDL/Ndl057.jpg,1,
clinic,NDL/Ndl059.jpg,1,
clinic,NDL/Ndl067.jpg,1,
clinic,NDL/Ndl070.jpg,1,
clinic,NDL/Ndl072.jpg,1,
clinic,NDL/Ndl073.jpg,1,
clinic,NDL/Ndl076.jpg,1,
clinic,NDL/Ndl080.jpg,1,
clinic,NDL/Ndl082.jpg,1,
clinic,NDL/Ndl084.jpg,1,
clinic,NDL/Ndl088.jpg,1,
clinic,NDL/Ndl090.jpg,1,
clinic,NDL/Ndl095.jpg,1,
clinic,NDL/Ndl099.jpg,1,
clinic,NDL/ndl014.jpg,1,
clinic,NDL/ndl085bis.jpg,1,
clinic,NEL/NEL009.JPG,1,
clinic,NEL/NEL011.JPG,1,
clinic,NEL/NEL022.JPG,1,
clinic,NEL/NEL025.JPG,1,
clinic,NEL/NEL027.JPG,1,
clinic,NEL/NEL034.JPG,1,
clinic,NEL/NEL036.JPG,1,
clinic,NEL/NEL088.JPG,1,
clinic,NEL/NEL090.JPG,1,
clinic,NEL/NEL093.JPG,1,
clinic,NEL/NEL096.JPG,1,
clinic,NEL/NEL099.JPG,1,
clinic,NEL/Nel006.jpg,1,
clinic,NEL/Nel013.jpg,1,
clinic,NEL/Nel024.jpg,1,
clinic,NEL/Nel032.jpg,1,
clinic,NEL/Nel038.jpg,1,
clinic,NEL/Nel040.jpg,1,
clinic,NEL/Nel043.jpg,1,
clinic,NEL/Nel050.jpg,1,
clinic,NEL/Nel051.jpg,1,
clinic,NEL/Nel054.jpg,1,
clinic,NEL/Nel057.jpg,1,
clinic,NEL/Nel058.jpg,1,
clinic,NEL/Nel060.jpg,1,
clinic,NEL/Nel063.jpg,1,
clinic,NEL/Nel065.jpg,1,
clinic,NEL/Nel067.jpg,1,
clinic,NEL/Nel069.jpg,1,
clinic,NEL/Nel070.jpg,1,
clinic,NEL/Nel072.jpg,1,
clinic,NEL/Nel074.jpg,1,
clinic,NEL/Nel079.jpg,1,
clinic,NEL/Nel080.jpg,1,
clinic,NEL/Nel084.jpg,1,
clinic,NEL/Nel086.jpg,1,
clinic,NEL/Nel094.jpg,1,
clinic,NEL/Nel101.jpg,1,
clinic,NFL/NFL013.JPG,1,
clinic,NFL/NFL023.JPG,1,
clinic,NFL/NFL051.JPG,1,
clinic,NFL/Nfl003.jpg,1,
clinic,NFL/Nfl005.jpg,1,
clinic,NFL/Nfl007.jpg,1,
clinic,NFL/Nfl009.jpg,1,
clinic,NFL/Nfl011.jpg,1,
clinic,NFL/Nfl015.jpg,1,
clinic,NFL/Nfl017.jpg,1,
clinic,NFL/Nfl019.jpg,1,
clinic,NFL/Nfl021.jpg,1,
clinic,NFL/Nfl025.jpg,1,
clinic,NFL/Nfl027.jpg,1,
clinic,NFL/Nfl031.jpg,1,
clinic,NFL/Nfl033.jpg,1,
clinic,NFL/Nfl035.jpg,1,
clinic,NFL/Nfl037.jpg,1,
clinic,NFL/Nfl039.jpg,1,
clinic,NFL/Nfl041.jpg,1,
clinic,NFL/Nfl043.jpg,1,
clinic,NFL/Nfl045.jpg,1,
clinic,NFL/Nfl047.jpg,1,
clinic,NFL/Nfl049.jpg,1,
clinic,NFL/Nfl053.jpg,1,
clinic,NFL/Nfl062.jpg,1,
clinic,NFL/Nfl067.jpg,1,
clinic,NFL/Nfl069.jpg,1,
clinic,NFL/Nfl071.jpg,1,
clinic,NFL/Nfl073.jpg,1,
clinic,NGL/NGL003.JPG,1,
clinic,NGL/NGL005.JPG,1,
clinic,NGL/NGL009.JPG,1,
clinic,NGL/NGL014.JPG,1,
clinic,NGL/NGL026.JPG,1,
clinic,NGL/NGL046.JPG,1,
clinic,NGL/NGL048.JPG,1,
clinic,NGL/Ngl001.jpg,1,
clinic,NGL/Ngl007.jpg,1,
clinic,NGL/Ngl012.jpg,1,
clinic,NGL/Ngl016.jpg,1,
clinic,NGL/Ngl018.jpg,1,
clinic,NGL/Ngl020.jpg,1,
clinic,NGL/Ngl022.jpg,1,
clinic,NGL/Ngl024.jpg,1,
clinic,NGL/Ngl028.jpg,1,
clinic,NGL/Ngl030.jpg,1,
clinic,NGL/Ngl032.jpg,1,
clinic,NGL/Ngl036.jpg,1,
clinic,NGL/Ngl038.jpg,1,
clinic,NGL/Ngl040.jpg,1,
clinic,NGL/Ngl042.jpg,1,
clinic,NGL/Ngl052.jpg,1,
clinic,NGL/Ngl054.jpg,1,
clinic,NGL/Ngl056.jpg,1,
clinic,NGL/Ngl059.jpg,1,
clinic,NGL/Ngl061.jpg,1,
clinic,NGL/Ngl063.jpg,1,
clinic,NGL/Ngl065.jpg,1,
clinic,NGL/Ngl067.jpg,1,
clinic,NGL/Ngl071.jpg,1,
clinic,NGL/Ngl073.jpg,1,
clinic,NGL/Ngl075.jpg,1,
clinic,NGL/Ngl077.jpg,1,
clinic,NGL/Ngl081.jpg,1,
clinic,NGL/Ngl083.jpg,1,
clinic,NGL/Ngl085.jpg,1,
clinic,NGL/Ngl087.jpg,1,
clinic,NGL/Ngl089.jpg,1,
clinic,NGL/Ngl091.jpg,1,
clinic,NGL/Ngl093.jpg,1,
clinic,NGL/Ngl095.jpg,1,
clinic,NGL/Ngl097.jpg,1,
clinic,NGL/Ngl099.jpg,1,
clinic,NHL/NHL016.JPG,1,
clinic,NHL/Nhl008.jpg,1,
clinic,NHL/Nhl010.jpg,1,
clinic,NHL/Nhl012.jpg,1,
clinic,NHL/Nhl014.jpg,1,
clinic,NIL/NIL055.JPG,1,
clinic,NIL/NIL063.JPG,1,
clinic,NIL/NIL077.JPG,1,
clinic,NIL/NIL101.JPG,1,
clinic,NIL/Nil001.jpg,1,
clinic,NIL/Nil003.jpg,1,
clinic,NIL/Nil005.jpg,1,
clinic,NIL/Nil007.jpg,1,
clinic,NIL/Nil009.jpg,1,
clinic,NIL/Nil020.jpg,1,
clinic,NIL/Nil022.jpg,1,
clinic,NIL/Nil024.jpg,1,
clinic,NIL/Nil026.jpg,1,
clinic,NIL/Nil028.jpg,1,
clinic,NIL/Nil030.jpg,1,
clinic,NIL/Nil032.jpg,1,
clinic,NIL/Nil034.jpg,1,
clinic,NIL/Nil036.jpg,1,
clinic,NIL/Nil040.jpg,1,
clinic,NIL/Nil042.jpg,1,
clinic,NIL/Nil044.jpg,1,
clinic,NIL/Nil047.jpg,1,
clinic,NIL/Nil051.jpg,1,
clinic,NIL/Nil053.jpg,1,
clinic,NIL/Nil057.jpg,1,
clinic,NIL/Nil059.jpg,1,
clinic,NIL/Nil061.jpg,1,
clinic,NIL/Nil065.jpg,1,
clinic,NIL/Nil067.jpg,1,
clinic,NIL/Nil069.jpg,1,
clinic,NIL/Nil075.jpg,1,
clinic,NIL/Nil079.jpg,1,
clinic,NIL/Nil081.jpg,1,
clinic,NIL/Nil083.jpg,1,
clinic,NIL/Nil085.jpg,1,
clinic,NIL/Nil087.jpg,1,
clinic,NIL/Nil089.jpg,1,
clinic,NIL/Nil092.jpg,1,
clinic,NIL/Nil095.jpg,1,
clinic,NIL/Nil099.jpg,1,
clinic,NLL/NLL003.JPG,1,
clinic,NLL/NLL045.JPG,1,
clinic,NLL/NLL047.JPG,1,
clinic,NLL/NLL065.JPG,1,
clinic,NLL/Nll001.jpg,1,
clinic,NLL/Nll013.jpg,1,
clinic,NLL/Nll015.jpg,1,
clinic,NLL/Nll017.jpg,1,
clinic,NLL/Nll019.jpg,1,
clinic,NLL/Nll021.jpg,1,
clinic,NLL/Nll023.jpg,1,
clinic,NLL/Nll025.jpg,1,
clinic,NLL/Nll037.jpg,1,
clinic,NLL/Nll039.jpg,1,
clinic,NLL/Nll041.jpg,1,
clinic,NLL/Nll049.jpg,1,
clinic,NLL/Nll051.jpg,1,
clinic,NLL/Nll055.jpg,1,
clinic,NLL/Nll057.jpg,1,
clinic,NLL/Nll059.jpg,1,
clinic,NLL/Nll061.jpg,1,
clinic,NLL/Nll068.jpg,1,
clinic,NLL/Nll071.jpg,1,
clinic,NLL/Nll075.jpg,1,
clinic,NLL/Nll083.jpg,1,
clinic,NLL/Nll087.jpg,1,
clinic,NLL/Nll093.jpg,1,
clinic,NLL/Nll097.jpg,1,
clinic,NLL/Nll099.jpg,1,
clinic,NLL/Nll101.jpg,1,
clinic,NLL/Nll103.jpg,1,
clinic,NLL/Nll105.jpg,1,
clinic,NLL/nll029.jpg,1,
clinic,NLL/nll031.jpg,1,
clinic,NLL/nll033.jpg,1,
clinic,NML/NML001.JPG,1,
clinic,NML/NML005.JPG,1,
clinic,NML/NML009.JPG,1,
clinic,NML/NML011.JPG,1,
clinic,NML/NML015.JPG,1,
clinic,NML/NML017.jpg,1,
clinic,NML/NML091.jpg,1,
clinic,NML/NML097.JPG,1,
clinic,NML/Nml003.jpg,1,
clinic,NML/Nml007.jpg,1,
clinic,NML/Nml013.jpg,1,
clinic,NML/Nml029.jpg,1,
clinic,NML/Nml031.jpg,1,
clinic,NML/Nml033.jpg,1,
clinic,NML/Nml038.jpg,1,
clinic,NML/Nml040.jpg,1,
clinic,NML/Nml042.jpg,1,
clinic,NML/Nml044.jpg,1,
clinic,NML/Nml046.jpg,1,
clinic,NML/Nml048.jpg,1,
clinic,NML/Nml050.jpg,1,
clinic,NML/Nml062.jpg,1,
clinic,NML/Nml064.jpg,1,
clinic,NML/Nml066.jpg,1,
clinic,NML/Nml070.jpg,1,
clinic,NML/Nml072.jpg,1,
clinic,NML/Nml076.jpg,1,
clinic,NML/Nml078.jpg,1,
clinic,NML/Nml080.jpg,1,
clinic,NML/Nml084.jpg,1,
clinic,NML/Nml086.jpg,1,
clinic,NML/Nml088.jpg,1,
clinic,NML/Nml093.jpg,1,
clinic,NML/Nml095.jpg,1,
clinic,NML/Nml101.jpg,1,
clinic,NML/Nml103.jpg,1,
clinic,NML/Nml105.jpg,1,
clinic,NML/Nml107.jpg,1,
clinic,NML/Nml112.jpg,1,
clinic,NML/nml019bis.jpg,1,
clinic,NML/nml021bis.jpg,1,
clinic,NML/nml024bis.jpg,1,
clinic,New/newl001.jpg,1,
clinic,New/newl005.jpg,1,
clinic,New/newl007.jpg,1,
clinic,New/newl009.jpg,1,
clinic,New/newl011.jpg,1,
clinic,New/newl013.jpg,1,
clinic,New/newl015.jpg,1,
clinic,New/newl017.jpg,1,
clinic,New/newl019.jpg,1,
clinic,New/newl021.jpg,1,
clinic,New/newl023.jpg,1,
clinic,New/newl025.jpg,1,
clinic,New/newl027.jpg,1,
clinic,New/newl029.jpg,1,
clinic,New/newl031.jpg,1,
clinic,New/newl033.jpg,1,
clinic,New/newl035.jpg,1,
clinic,New/newl038.jpg,1,
clinic,New/newl040.jpg,1,
clinic,New/newl042.jpg,1,
clinic,New/newl044.jpg,1,
clinic,New/newl046.jpg,1,
clinic,New/newl048.jpg,1,
clinic,New/newl050.jpg,1,
clinic,New/newl052.jpg,1,
clinic,New/newl054.jpg,1,
clinic,New/newl058.jpg,1,
derm,A1l/Aal002.jpg,1,
derm,A1l/Aal002bis.jpg,1,
derm,A1l/Aal004.jpg,1,
derm,A1l/Aal006.jpg,1,
derm,A1l/Aal008.jpg,1,
derm,A1l/Aal010.jpg,1,
derm,A1l/Aal012.jpg,1,
derm,A1l/Aal014.jpg,1,
derm,A1l/Aal018.jpg,1,
derm,A1l/Aal020.jpg,1,
derm,A1l/Aal024.jpg,1,
derm,A1l/Aal028.jpg,1,
derm,A1l/Aal030.jpg,1,
derm,A1l/Aal038.jpg,1,
derm,A1l/Aal044.jpg,1,
derm,A1l/Aal046.jpg,1,
derm,A1l/Aal048.jpg,1,
derm,A1l/Aal052.jpg,1,
derm,A1l/Aal056.jpg,1,
derm,A1l/Aal062.jpg,1,
derm,A1l/Aal064.jpg,1,
derm,A1l/Aal066.jpg,1,
derm,A1l/Aal068.jpg,1,
derm,A1l/Aal078.jpg,1,
derm,A1l/Aal086.jpg,1,
derm,A1l/Aal088.jpg,1,
derm,A1l/Aal090.jpg,1,
derm,A1l/Aal094.jpg,1,
derm,A1l/Aal096.jpg,1,
derm,A1l/Aal099bis.jpg,1,
derm,A2l/Abl101.jpg,1,
derm,A2l/Abl108.jpg,1,
derm,A2l/Abl112.jpg,1,
derm,A2l/Abl116.jpg,1,
derm,A2l/Abl118.jpg,1,
derm,A2l/Abl121.jpg,1,
derm,A2l/Abl123.jpg,1,
derm,A2l/Abl127.jpg,1,
derm,A2l/Abl129.jpg,1,
derm,A2l/Abl135.jpg,1,
derm,A2l/Abl137.jpg,1,
derm,A2l/Abl139.jpg,1,
derm,A2l/Abl141.jpg,1,
derm,A2l/Abl143.jpg,1,
derm,A2l/Abl145.jpg,1,
derm,A2l/Abl147.jpg,1,
derm,A2l/Abl151.jpg,1,
derm,A2l/Abl153.jpg,1,
derm,A2l/Abl155.jpg,1,
derm,A2l/Abl157.jpg,1,
derm,A2l/Abl161.jpg,1,
derm,A2l/Abl163.jpg,1,
derm,A2l/Abl165.jpg,1,
derm,A2l/Abl167.jpg,1,
derm,A2l/Abl168.jpg,1,
derm,A2l/Abl171.jpg,1,
derm,A2l/Abl175.jpg,1,
derm,A2l/Abl177.jpg,1,
derm,A2l/Abl179.jpg,1,
derm,A2l/Abl183.jpg,1,
derm,A2l/Abl185.jpg,1,
derm,A2l/Abl189.jpg,1,
derm,A2l/Abl191.jpg,1,
derm,A2l/Abl193.jpg,1,
derm,A2l/Abl195.jpg,1,
derm,A2l/Abl197.jpg,1,
derm,A3l/Acl201.jpg,1,
derm,A3l/Acl203.jpg,1,
derm,A3l/Acl205.jpg,1,
derm,A3l/Acl207.jpg,1,
derm,A3l/Acl209.jpg,1,
derm,A3l/Acl211.jpg,1,
derm,A3l/Acl215.jpg,1,
derm,A3l/Acl217.jpg,1,
derm,A3l/Acl219.jpg,1,
derm,A3l/Acl221.jpg,1,
derm,A3l/Acl223.jpg,1,
derm,A3l/Acl225.jpg,1,
derm,A3l/Acl227.jpg,1,
derm,A3l/Acl229.jpg,1,
derm,A3l/Acl231.jpg,1,
derm,A3l/Acl233.jpg,1,
derm,A3l/Acl235.jpg,1,
derm,A3l/Acl237.jpg,1,
derm,A3l/Acl239.jpg,1,
derm,A3l/Acl241.jpg,1,
derm,A3l/Acl243.jpg,1,
derm,A3l/Acl245.jpg,1,
derm,A3l/Acl247.jpg,1,
derm,A3l/Acl249.jpg,1,
derm,A3l/Acl251.jpg,1,
derm,A3l/Acl253.jpg,1,
derm,A3l/Acl259.jpg,1,
derm,A3l/Acl261.jpg,1,
derm,A3l/Acl263.jpg,1,
derm,A3l/Acl264.jpg,1,
derm,A3l/Acl271.jpg,1,
derm,A3l/Acl279.jpg,1,
derm,A3l/Acl281.jpg,1,
derm,A3l/Acl283.jpg,1,
derm,A3l/Acl285.jpg,1,
derm,A3l/Acl287.jpg,1,
derm,A3l/Acl295.jpg,1,
derm,A3l/Acl299.jpg,1,
derm,Adl/Adl301.jpg,1,
derm,Adl/Adl305.jpg,1,
derm,Adl/Adl311.jpg,1,
derm,Adl/Adl313.jpg,1,
derm,Adl/Adl319.jpg,1,
derm,Adl/Adl321.jpg,1,
derm,Adl/Adl325.jpg,1,
derm,Adl/Adl329.jpg,1,
derm,Adl/Adl331.jpg,1,
derm,Adl/Adl333.jpg,1,
derm,Adl/Adl335.jpg,1,
derm,Adl/Adl337bis.jpg,1,
derm,Adl/Adl340.jpg,1,
derm,Adl/Adl344.jpg,1,
derm,Adl/Adl346.jpg,1,
derm,Adl/Adl348.jpg,1,
derm,Adl/Adl350.jpg,1,
derm,Adl/Adl356.jpg,1,
derm,Adl/Adl358.jpg,1,
derm,Adl/Adl362.jpg,1,
derm,Adl/Adl366.jpg,1,
derm,Adl/Adl371.jpg,1,
derm,Adl/Adl373.jpg,1,
derm,Adl/Adl375.jpg,1,
derm,Adl/Adl377.jpg,1,
derm,Adl/Adl379.jpg,1,
derm,Adl/Adl381.jpg,1,
derm,Adl/Adl383.jpg,1,
derm,Adl/Adl385.jpg,1,
derm,Adl/Adl387.jpg,1,
derm,Adl/Adl387bis.jpg,1,
derm,Adl/Adl389.jpg,1,
derm,Adl/Adl391.jpg,1,
derm,Adl/Adl395.jpg,1,
derm,Adl/Adl399.jpg,1,
derm,Ael/Ael401.jpg,1,
derm,Ael/Ael405.jpg,1,
derm,Ael/Ael407.jpg,1,
derm,Ael/Ael409.jpg,1,
derm,Ael/Ael413.jpg,1,
derm,Ael/Ael415.jpg,1,
derm,Ael/Ael419.jpg,1,
derm,Ael/Ael421.jpg,1,
derm,Ael/Ael425.jpg,1,
derm,Ael/Ael427.jpg,1,
derm,Ael/Ael431.jpg,1,
derm,Ael/Ael433.jpg,1,
derm,Ael/Ael435.jpg,1,
derm,Ael/Ael442.jpg,1,
derm,Ael/Ael444.jpg,1,
derm,Ael/Ael446.jpg,1,
derm,Ael/Ael448.jpg,1,
derm,Ael/Ael452.jpg,1,
derm,Ael/Ael455.jpg,1,
derm,Ael/Ael459.jpg,1,
derm,Ael/Ael465.jpg,1,
derm,Ael/Ael467.jpg,1,
derm,Ael/Ael469.jpg,1,
derm,Ael/Ael471.jpg,1,
derm,Ael/Ael475.jpg,1,
derm,Ael/Ael477.jpg,1,
derm,Ael/Ael481.jpg,1,
derm,Ael/Ael484.jpg,1,
derm,Ael/Ael488.jpg,1,
derm,Ael/Ael490.jpg,1,
derm,Ael/Ael492.jpg,1,
derm,Ael/Ael494.jpg,1,
derm,Ael/Ael496.jpg,1,
derm,Ael/Ael498.jpg,1,
derm,Ael/Ael502.jpg,1,
derm,Ael/Ael504.jpg,1,
derm,Ael/Ael505.jpg,1,
derm,Ael/Ael508.jpg,1,
derm,Ael/Ael510.jpg,1,
derm,Ael/Ael512.jpg,1,
derm,Ael/Ael514.jpg,1,
derm,Ael/Ael517.jpg,1,
derm,Ael/Ael519bis.jpg,1,
derm,Ael/Ael521.jpg,1,
derm,Ael/Ael523.jpg,1,
derm,Ael/Ael525.jpg,1,
derm,Ael/Ael527.jpg,1,
derm,FAL/FAL006.JPG,1,
derm,FAL/FAL022.JPG,1,
derm,FAL/FAL036.JPG,1,
derm,FAL/FAL038.JPG,1,
derm,FAL/FAL042.JPG,1,
derm,FAL/FAL044.JPG,1,
derm,FAL/FAL054.JPG,1,
derm,FAL/FAL066.JPG,1,
derm,FAL/FAL070.JPG,1,
derm,FAL/FAL094.JPG,1,
derm,FAL/Fal012.jpg,1,
derm,FAL/Fal020.jpg,1,
derm,FAL/Fal024.jpg,1,
derm,FAL/Fal048.jpg,1,
derm,FAL/Fal050.jpg,1,
derm,FAL/Fal064.jpg,1,
derm,FAL/Fal072.jpg,1,
derm,FAL/Fal078.jpg,1,
derm,FAL/Fal090.jpg,1,
derm,FAL/Fal096.jpg,1,
derm,FAL/Fal100.jpg,1,
derm,FBL/FBL012.JPG,1,
derm,FBL/FBL020.JPG,1,
derm,FBL/FBL026.JPG,1,
derm,FBL/FBL032.JPG,1,
derm,FBL/FBL042.JPG,1,
derm,FBL/FBL046.JPG,1,
derm,FBL/FBL058.JPG,1,
derm,FBL/FBL062.JPG,1,
derm,FBL/FBL066.JPG,1,
derm,FBL/Fbl002.jpg,1,
derm,FBL/Fbl004.jpg,1,
derm,FBL/Fbl006.jpg,1,
derm,FBL/Fbl010.jpg,1,
derm,FBL/Fbl018.jpg,1,
derm,FBL/Fbl022.jpg,1,
derm,FBL/Fbl024.jpg,1,
derm,FBL/Fbl028.jpg,1,
derm,FBL/Fbl030.jpg,1,
derm,FBL/Fbl036.jpg,1,
derm,FBL/Fbl038.jpg,1,
derm,FBL/Fbl040.jpg,1,
derm,FBL/Fbl044.jpg,1,
derm,FBL/Fbl048.jpg,1,
derm,FBL/Fbl050.jpg,1,
derm,FBL/Fbl054.jpg,1,
derm,FBL/Fbl056.jpg,1,
derm,FBL/Fbl064.jpg,1,
derm,FBL/Fbl068.jpg,1,
derm,FBL/Fbl072.jpg,1,
derm,FBL/Fbl074.jpg,1,
derm,FBL/Fbl076.jpg,1,
derm,FBL/Fbl080.jpg,1,
derm,FBL/Fbl082.jpg,1,
derm,FBL/Fbl088.jpg,1,
derm,FBL/Fbl090.jpg,1,
derm,FBL/Fbl092.jpg,1,
derm,FBL/Fbl094.jpg,1,
derm,FBL/Fbl098.jpg,1,
derm,FCL/FCL018.JPG,1,
derm,FCL/FCL052.JPG,1,
derm,FCL/FCL054.JPG,1,
derm,FCL/FCL056.JPG,1,
derm,FCL/FCL058.JPG,1,
derm,FCL/FCL066.JPG,1,
derm,FCL/FCL074.JPG,1,
derm,FCL/FCL084.JPG,1,
derm,FCL/Fcl010.jpg,1,
derm,FCL/Fcl012.jpg,1,
derm,FCL/Fcl014.jpg,1,
derm,FCL/Fcl016.jpg,1,
derm,FCL/Fcl022.jpg,1,
derm,FCL/Fcl024.jpg,1,
derm,FCL/Fcl026.jpg,1,
derm,FCL/Fcl028.jpg,1,
derm,FCL/Fcl030.jpg,1,
derm,FCL/Fcl032.jpg,1,
derm,FCL/Fcl034.jpg,1,
derm,FCL/Fcl036.jpg,1,
derm,FCL/Fcl038.jpg,1,
derm,FCL/Fcl040.jpg,1,
derm,FCL/Fcl044.jpg,1,
derm,FCL/Fcl048.jpg,1,
derm,FCL/Fcl050.jpg,1,
derm,FCL/Fcl060.jpg,1,
derm,FCL/Fcl062.jpg,1,
derm,FCL/Fcl070.jpg,1,
derm,FCL/Fcl076.jpg,1,
derm,FCL/Fcl080.jpg,1,
derm,FCL/Fcl088.jpg,1,
derm,FCL/Fcl090.jpg,1,
derm,FCL/Fcl092.jpg,1,
derm,FCL/Fcl094.jpg,1,
derm,FCL/Fcl096.jpg,1,
derm,FCL/Fcl098.jpg,1,
derm,FCL/Fcl100.jpg,1,
derm,FCl/Fcl068.jpg,1,
derm,FDL/FDL016.JPG,1,
derm,FDL/FDL022.JPG,1,
derm,FDL/FDL026.JPG,1,
derm,FDL/FDL036.JPG,1,
derm,FDL/FDL052.JPG,1,
derm,FDL/FDL068.JPG,1,
derm,FDL/Fdl002.jpg,1,
derm,FDL/Fdl014.jpg,1,
derm,FDL/Fdl020.jpg,1,
derm,FDL/Fdl028.jpg,1,
derm,FDL/Fdl030.jpg,1,
derm,FDL/Fdl032.jpg,1,
derm,FDL/Fdl054.jpg,1,
derm,FDL/Fdl056.jpg,1,
derm,FDL/Fdl058.jpg,1,
derm,FDL/Fdl060.jpg,1,
derm,FDL/Fdl062.jpg,1,
derm,FDL/Fdl070.jpg,1,
derm,FDL/Fdl071.jpg,1,
derm,FDL/Fdl074.jpg,1,
derm,FEL/Fel002.jpg,1,
derm,FEL/Fel016.jpg,1,
derm,FEL/Fel018.jpg,1,
derm,FEL/Fel024.jpg,1,
derm,FEL/Fel030.jpg,1,
derm,FEL/Fel034.jpg,1,
derm,FEL/Fel038.jpg,1,
derm,FEL/Fel052.jpg,1,
derm,FEL/Fel064.jpg,1,
derm,FEL/Fel068.jpg,1,
derm,FEL/Fel070.jpg,1,
derm,FEL/Fel072.jpg,1,
derm,FEL/Fel074.jpg,1,
derm,FEL/Fel080.jpg,1,
derm,FEL/Fel082.jpg,1,
derm,FEL/Fel084.jpg,1,
derm,FEL/Fel086.jpg,1,
derm,FEL/Fel088.jpg,1,
derm,FEL/Fel092.jpg,1,
derm,FEL/Fel096.jpg,1,
derm,FEL/Fel098.jpg,1,
derm,FEL/Fel100.jpg,1,
derm,FFL/FFL002.JPG,1,
derm,FFL/FFL004.JPG,1,
derm,FFL/FFL006.JPG,1,
derm,FFL/FFL008.JPG,1,
derm,FFL/FFL020.JPG,1,
derm,FFL/FFL032.JPG,1,
derm,FFL/FFL052.JPG,1,
derm,FFL/FFL068.JPG,1,
derm,FFL/Ffl010.jpg,1,
derm,FFL/Ffl014.jpg,1,
derm,FFL/Ffl016.jpg,1,
derm,FFL/Ffl026.jpg,1,
derm,FFL/Ffl034.jpg,1,
derm,FFL/Ffl042.jpg,1,
derm,FFL/Ffl062.jpg,1,
derm,FFL/Ffl066.jpg,1,
derm,FFL/Ffl070.jpg,1,
derm,FFL/Ffl078.jpg,1,
derm,FFL/Ffl080.jpg,1,
derm,FFL/Ffl082.jpg,1,
derm,FFL/Ffl084.jpg,1,
derm,FFL/Ffl092.jpg,1,
derm,FFL/Ffl094.jpg,1,
derm,FFL/Ffl096.jpg,1,
derm,FFL/Ffl100.jpg,1,
derm,Fgl/Fgl002.jpg,1,
derm,Fgl/Fgl005.jpg,1,
derm,Fgl/Fgl006.jpg,1,
derm,Fgl/Fgl008.jpg,1,
derm,Fgl/Fgl010.jpg,1,
derm,Fgl/Fgl012.jpg,1,
derm,Fgl/Fgl014.jpg,1,
derm,Fgl/Fgl018.jpg,1,
derm,Fgl/Fgl020.jpg,1,
derm,Fgl/Fgl023.jpg,1,
derm,Fgl/Fgl029.jpg,1,
derm,Fgl/Fgl035.jpg,1,
derm,Fgl/Fgl036.jpg,1,
derm,Fgl/Fgl037.jpg,1,
derm,Fgl/Fgl042.jpg,1,
derm,Fgl/Fgl044.jpg,1,
derm,Fgl/Fgl047.jpg,1,
derm,Fgl/Fgl051.jpg,1,
derm,Fgl/Fgl053.jpg,1,
derm,Fgl/Fgl055.jpg,1,
derm,Fgl/Fgl057.jpg,1,
derm,Fgl/Fgl059.jpg,1,
derm,Fgl/Fgl061.jpg,1,
derm,Fgl/Fgl063.jpg,1,
derm,Fgl/Fgl068.jpg,1,
derm,Fgl/Fgl072.jpg,1,
derm,Fgl/Fgl074.jpg,1,
derm,Fgl/Fgl078.jpg,1,
derm,Fgl/Fgl082.jpg,1,
derm,Fgl/Fgl083.jpg,1,
derm,Fgl/Fgl087.jpg,1,
derm,Fgl/Fgl088.jpg,1,
derm,Fgl/Fgl090.jpg,1,
derm,Fhl/Fhl002.jpg,1,
derm,Fhl/Fhl004.jpg,1,
derm,Fhl/Fhl006.jpg,1,
derm,Fhl/Fhl008.jpg,1,
derm,Fhl/Fhl010.jpg,1,
derm,Fhl/Fhl012.jpg,1,
derm,Fhl/Fhl014.jpg,1,
derm,Fhl/Fhl016.jpg,1,
derm,Fhl/Fhl018.jpg,1,
derm,Fhl/Fhl022.jpg,1,
derm,Fhl/Fhl028.jpg,1,
derm,Fhl/Fhl030.jpg,1,
derm,Fhl/Fhl032.jpg,1,
derm,Fhl/Fhl034.jpg,1,
derm,Fhl/Fhl038.jpg,1,
derm,Fhl/Fhl040.jpg,1,
derm,Fhl/Fhl042.jpg,1,
derm,Fhl/Fhl044.jpg,1,
derm,Fhl/Fhl046.jpg,1,
derm,Fhl/Fhl048.jpg,1,
derm,Fhl/Fhl050.jpg,1,
derm,Fhl/Fhl052.jpg,1,
derm,Fhl/Fhl058.jpg,1,
derm,Fhl/Fhl060.jpg,1,
derm,Fhl/Fhl064.jpg,1,
derm,Fhl/Fhl066.jpg,1,
derm,Fhl/Fhl070.jpg,1,
derm,Fhl/Fhl072.jpg,1,
derm,Fhl/Fhl074.jpg,1,
derm,Fhl/Fhl076.jpg,1,
derm,Fhl/Fhl078.jpg,1,
derm,Fhl/Fhl080.jpg,1,
derm,Fhl/Fhl082.jpg,1,
derm,Fhl/Fhl084.jpg,1,
derm,Fhl/Fhl086.jpg,1,
derm,Fhl/Fhl088.jpg,1,
derm,Fhl/Fhl090.jpg,1,
derm,Fhl/Fhl092.jpg,1,
derm,Fhl/Fhl094.jpg,1,
derm,Fhl/Fhl096.jpg,1,
derm,Fhl/Fhl098.jpg,1,
derm,Fhl/Fhl100.jpg,1,
derm,Fil/Fil004.jpg,1,
derm,Fil/Fil006.jpg,1,
derm,Fil/Fil008.jpg,1,
derm,Fil/Fil010.jpg,1,
derm,Fil/Fil032.jpg,1,
derm,Fil/Fil040.jpg,1,
derm,Fil/Fil052.jpg,1,
derm,Fil/Fil062.jpg,1,
derm,Fil/Fil064.jpg,1,
derm,Fil/Fil070.jpg,1,
derm,Fil/Fil080.jpg,1,
derm,Fil/Fil082.jpg,1,
derm,Fil/Fil088.jpg,1,
derm,Fil/Fil094.jpg,1,
derm,Fll/Fll019.jpg,1,
derm,Fll/Fll021.jpg,1,
derm,Fll/Fll023.jpg,1,
derm,Fll/Fll027.jpg,1,
derm,Fll/Fll035.jpg,1,
derm,Fll/Fll037.jpg,1,
derm,Fll/Fll039.jpg,1,
derm,Fll/Fll041.jpg,1,
derm,Fll/Fll043.jpg,1,
derm,Fll/Fll045.jpg,1,
derm,Fll/Fll047.jpg,1,
derm,Fll/Fll065.jpg,1,
derm,Fll/Fll069.jpg,1,
derm,Fll/Fll071.jpg,1,
derm,Fll/Fll077.jpg,1,
derm,Fll/Fll083.jpg,1,
derm,Fll/Fll085.jpg,1,
derm,Fll/Fll087.jpg,1,
derm,Fll/Fll089.jpg,1,
derm,Fll/Fll091.jpg,1,
derm,Fll/Fll097.jpg,1,
derm,Fll/Fll104.jpg,1,
derm,Fll/Fll108.jpg,1,
derm,Fll/Fll116.jpg,1,
derm,Fll/Fll118.jpg,1,
derm,Fll/Fll122.jpg,1,
derm,Fll/Fll126.jpg,1,
derm,Fll/Fll128.jpg,1,
derm,Fll/Fll130.jpg,1,
derm,Fll/Fll132.jpg,1,
derm,Fll/Fll136.jpg,1,
derm,Fll/Fll142.jpg,1,
derm,Fml/Fml010.jpg,1,
derm,Fml/Fml020.jpg,1,
derm,Fml/Fml026.jpg,1,
derm,Gal/Gal006.jpg,1,
derm,Gal/Gal008.jpg,1,
derm,Gal/Gal010.jpg,1,
derm,Gal/Gal016.jpg,1,
derm,Gal/Gal025.jpg,1,
derm,Gal/Gal033.jpg,1,
derm,Gal/Gal039.jpg,1,
derm,Gal/Gal043.jpg,1,
derm,Gal/Gal045.jpg,1,
derm,Gal/Gal047.jpg,1,
derm,Gal/Gal049.jpg,1,
derm,Gal/Gal058.jpg,1,
derm,Gal/Gal062.jpg,1,
derm,Gal/Gal098.jpg,1,
derm,Gal/Gal108.jpg,1,
derm,Gal/Gal113.jpg,1,
derm,Gal/Gal130.jpg,1,
derm,Gal/Gal134.jpg,1,
derm,Gal/Gal146.jpg,1,
derm,Gal/Gal152.jpg,1,
derm,Gal/Gal169.jpg,1,
derm,Gal/Gal171.jpg,1,
derm,Gal/Gal173.jpg,1,
derm,Gal/Gal185.jpg,1,
derm,Gal/Gal191.jpg,1,
derm,Gal/Gal209.jpg,1,
derm,Gal/Gal211.jpg,1,
derm,Gal/Gal216.jpg,1,
derm,Gal/Gal218.jpg,1,
derm,Gal/Gal220.jpg,1,
derm,Gal/Gal222.jpg,1,
derm,Gal/Gal226.jpg,1,
derm,Gal/Gal230.jpg,1,
derm,Gal/Gal232.jpg,1,
derm,Gal/Gal238.jpg,1,
derm,Gal/Gal240.jpg,1,
derm,Gal/Gal257.jpg,1,
derm,Gal/Gal262.jpg,1,
derm,Gbl/Gbl009.jpg,1,
derm,Gbl/Gbl014.jpg,1,
derm,Gcl/Gcl003.jpg,1,
derm,Gcl/Gcl039.jpg,1,
derm,Gcl/Gcl052.jpg,1,
derm,Gcl/Gcl058.jpg,1,
derm,Gcl/Gcl073.jpg,1,
derm,Gcl/Gcl094.jpg,1,
derm,Gdl/Gdl012.jpg,1,
derm,Gdl/Gdl014.jpg,1,
derm,Gdl/Gdl021.jpg,1,
derm,Gdl/Gdl023.jpg,1,
derm,Gdl/Gdl025.jpg,1,
derm,Gdl/Gdl034.jpg,1,
derm,Gdl/Gdl037.jpg,1,
derm,Gdl/Gdl089.jpg,1,
derm,Gdl/Gdl100.jpg,1,
derm,Ggl/Ggl002.jpg,1,
derm,Ggl/Ggl004.jpg,1,
derm,Ggl/Ggl006.jpg,1,
derm,Ggl/Ggl008.jpg,1,
derm,Ggl/Ggl010.jpg,1,
derm,Ggl/Ggl012.jpg,1,
derm,Ggl/Ggl014.jpg,1,
derm,Ggl/Ggl016.jpg,1,
derm,Ggl/Ggl018.jpg,1,
derm,Ggl/Ggl020.jpg,1,
derm,Ggl/Ggl022.jpg,1,
derm,Ggl/Ggl024.jpg,1,
derm,Ggl/Ggl026.jpg,1,
derm,Ggl/Ggl028.jpg,1,
derm,Ggl/Ggl030.jpg,1,
derm,Ggl/Ggl032.jpg,1,
derm,Ggl/Ggl034.jpg,1,
derm,Ggl/Ggl036.jpg,1,
derm,Ggl/Ggl040.jpg,1,
derm,Ggl/Ggl042.jpg,1,
derm,Ggl/Ggl044.jpg,1,
derm,Ggl/Ggl046.jpg,1,
derm,Ggl/Ggl048.jpg,1,
derm,Ggl/Ggl050.jpg,1,
derm,Ggl/Ggl052.jpg,1,
derm,Ggl/Ggl054.jpg,1,
derm,Ggl/Ggl056.jpg,1,
derm,Ggl/Ggl058.jpg,1,
derm,Ggl/Ggl060.jpg,1,
derm,Ggl/Ggl062.jpg,1,
derm,Ggl/Ggl066.jpg,1,
derm,Ggl/Ggl068.jpg,1,
derm,Ggl/Ggl070.jpg,1,
derm,Ggl/Ggl072.jpg,1,
derm,Ggl/Ggl074.jpg,1,
derm,Ggl/Ggl076.jpg,1,
derm,Ggl/Ggl078.jpg,1,
derm,Ggl/Ggl082.jpg,1,
derm,Ggl/Ggl084.jpg,1,
derm,Ggl/Ggl086.jpg,1,
derm,Ggl/Ggl088.jpg,1,
derm,Ggl/Ggl090.jpg,1,
derm,Gzl/gzl02.jpg,1,
derm,Gzl/gzl04.jpg,1,
derm,Gzl/gzl06.jpg,1,
derm,Gzl/gzl08.jpg,1,
derm,Gzl/gzl10.jpg,1,
derm,Gzl/gzl12.jpg,1,
derm,Gzl/gzl14.jpg,1,
derm,Gzl/gzl16.jpg,1,
derm,Gzl/gzl18.jpg,1,
derm,Gzl/gzl20.jpg,1,
derm,Gzl/gzl22.jpg,1,
derm,Gzl/gzl24.jpg,1,
derm,Gzl/gzl26.jpg,1,
derm,Gzl/gzl28.jpg,1,
derm,Gzl/gzl30.jpg,1,
derm,Gzl/gzl32.jpg,1,
derm,Gzl/gzl34.jpg,1,
derm,Gzl/gzl36.jpg,1,
derm,Gzl/gzl38.jpg,1,
derm,Gzl/gzl42.jpg,1,
derm,Gzl/gzl46.jpg,1,
derm,Gzl/gzl48.jpg,1,
derm,Gzl/gzl50.jpg,1,
derm,Gzl/gzl52.jpg,1,
derm,Gzl/gzl54.jpg,1,
derm,Gzl/gzl56.jpg,1,
derm,Gzl/gzl58.jpg,1,
derm,Gzl/gzl60.jpg,1,
derm,Gzl/gzl62.jpg,1,
derm,Gzl/gzl64.jpg,1,
derm,Gzl/gzl66.jpg,1,
derm,Gzl/gzl68.jpg,1,
derm,Gzl/gzl70.jpg,1,
derm,Gzl/gzl72.jpg,1,
derm,Gzl/gzl74.jpg,1,
derm,Gzl/gzl76.jpg,1,
derm,Gzl/gzl78.jpg,1,
derm,Gzl/gzl80.jpg,1,
derm,Gzl/gzl82.jpg,1,
derm,Gzl/gzl84.jpg,1,
derm,Gzl/gzl86.jpg,1,
derm,Gzl/gzl88.jpg,1,
derm,NAL/Nal002.jpg,1,
derm,NAL/Nal005.jpg,1,
derm,NAL/Nal008.jpg,1,
derm,NAL/Nal018.jpg,1,
derm,NAL/Nal020.jpg,1,
derm,NAL/Nal022.jpg,1,
derm,NAL/Nal025.jpg,1,
derm,NAL/Nal033.jpg,1,
derm,NAL/Nal035.jpg,1,
derm,NAL/Nal037.jpg,1,
derm,NAL/Nal044.jpg,1,
derm,NAL/Nal047.jpg,1,
derm,NAL/Nal049.jpg,1,
derm,NAL/Nal052.jpg,1,
derm,NAL/Nal057.jpg,1,
derm,NAL/Nal058.jpg,1,
derm,NAL/Nal064.jpg,1,
derm,NAL/Nal066.jpg,1,
derm,NAL/Nal070.jpg,1,
derm,NAL/Nal073.jpg,1,
derm,NAL/Nal075.jpg,1,
derm,NAL/Nal077.jpg,1,
derm,NAL/Nal080.jpg,1,
derm,NAL/Nal082.jpg,1,
derm,NAL/Nal084.jpg,1,
derm,NAL/Nal086.jpg,1,
derm,NAL/Nal088.jpg,1,
derm,NAL/Nal090.jpg,1,
derm,NAL/Nal091.jpg,1,
derm,NAL/Nal097.jpg,1,
derm,NAL/Nal099.jpg,1,
derm,NAL/nal095.jpg,1,
derm,NBL/NBL041.JPG,1,
derm,NBL/NBL049.JPG,1,
derm,NBL/Nbl001.jpg,1,
derm,NBL/Nbl004.jpg,1,
derm,NBL/Nbl006.jpg,1,
derm,NBL/Nbl007.jpg,1,
derm,NBL/Nbl010.jpg,1,
derm,NBL/Nbl013.jpg,1,
derm,NBL/Nbl015.jpg,1,
derm,NBL/Nbl017.jpg,1,
derm,NBL/Nbl019.jpg,1,
derm,NBL/Nbl022.jpg,1,
derm,NBL/Nbl025.jpg,1,
derm,NBL/Nbl028.jpg,1,
derm,NBL/Nbl030.jpg,1,
derm,NBL/Nbl031.jpg,1,
derm,NBL/Nbl034.jpg,1,
derm,NBL/Nbl037.jpg,1,
derm,NBL/Nbl040.jpg,1,
derm,NBL/Nbl042.jpg,1,
derm,NBL/Nbl044.jpg,1,
derm,NBL/Nbl046.jpg,1,
derm,NBL/Nbl048.jpg,1,
derm,NBL/Nbl054.jpg,1,
derm,NBL/Nbl059.jpg,1,
derm,NBL/Nbl060.jpg,1,
derm,NBL/Nbl063.jpg,1,
derm,NBL/Nbl065.jpg,1,
derm,NBL/Nbl074.jpg,1,
derm,NBL/Nbl076.jpg,1,
derm,NBL/Nbl080.jpg,1,
derm,NBL/Nbl081.jpg,1,
derm,NBL/Nbl086.jpg,1,
derm,NBL/Nbl088.jpg,1,
derm,NBL/Nbl095.jpg,1,
derm,NBL/Nbl098.jpg,1,
derm,NBL/Nbl100.jpg,1,
derm,NCL/Ncl004.jpg,1,
derm,NCL/Ncl006.jpg,1,
derm,NCL/Ncl008.jpg,1,
derm,NCL/Ncl010.jpg,1,
derm,NCL/Ncl012.jpg,1,
derm,NCL/Ncl014.jpg,1,
derm,NCL/Ncl020.jpg,1,
derm,NCL/Ncl022.jpg,1,
derm,NCL/Ncl027.jpg,1,
derm,NCL/Ncl030.jpg,1,
derm,NCL/Ncl032.jpg,1,
derm,NCL/Ncl035.jpg,1,
derm,NCL/Ncl044.jpg,1,
derm,NCL/Ncl048.jpg,1,
derm,NCL/Ncl050.jpg,1,
derm,NCL/Ncl051.jpg,1,
derm,NCL/Ncl053.jpg,1,
derm,NCL/Ncl056.jpg,1,
derm,NCL/Ncl063.jpg,1,
derm,NCL/Ncl064.jpg,1,
derm,NCL/Ncl069.jpg,1,
derm,NCL/Ncl071.jpg,1,
derm,NCL/Ncl076.jpg,1,
derm,NCL/Ncl078.jpg,1,
derm,NCL/Ncl079.jpg,1,
derm,NCL/Ncl083.jpg,1,
derm,NCL/Ncl085.jpg,1,
derm,NCL/Ncl093.jpg,1,
derm,NCL/Ncl095.jpg,1,
derm,NCL/Ncl100.jpg,1,
derm,NDL/NDL063.JPG,1,
derm,NDL/Ndl005.jpg,1,
derm,NDL/Ndl009.jpg,1,
derm,NDL/Ndl012.jpg,1,
derm,NDL/Ndl018.jpg,1,
derm,NDL/Ndl021.jpg,1,
derm,NDL/Ndl022.jpg,1,
derm,NDL/Ndl025.jpg,1,
derm,NDL/Ndl027.jpg,1,
derm,NDL/Ndl028.jpg,1,
derm,NDL/Ndl031.jpg,1,
derm,NDL/Ndl033.jpg,1,
derm,NDL/Ndl035.jpg,1,
derm,NDL/Ndl037.jpg,1,
derm,NDL/Ndl039.jpg,1,
derm,NDL/Ndl040.jpg,1,
derm,NDL/Ndl046.jpg,1,
derm,NDL/Ndl050.jpg,1,
derm,NDL/Ndl052.jpg,1,
derm,NDL/Ndl054.jpg,1,
derm,NDL/Ndl056.jpg,1,
derm,NDL/Ndl058.jpg,1,
derm,NDL/Ndl060.jpg,1,
derm,NDL/Ndl061.jpg,1,
derm,NDL/Ndl068.jpg,1,
derm,NDL/Ndl069.jpg,1,
derm,NDL/Ndl071.jpg,1,
derm,NDL/Ndl074.jpg,1,
derm,NDL/Ndl075.jpg,1,
derm,NDL/Ndl079.jpg,1,
derm,NDL/Ndl081.jpg,1,
derm,NDL/Ndl083.jpg,1,
derm,NDL/Ndl089.jpg,1,
derm,NDL/Ndl091.jpg,1,
derm,NDL/Ndl094.jpg,1,
derm,NDL/Ndl100.jpg,1,
derm,NDL/ndl013.jpg,1,
derm,NDL/ndl085.jpg,1,
derm,NEL/NEL055.JPG,1,
derm,NEL/Nel005.jpg,1,
derm,NEL/Nel008.jpg,1,
derm,NEL/Nel010.jpg,1,
derm,NEL/Nel012.jpg,1,
derm,NEL/Nel021.jpg,1,
derm,NEL/Nel023.jpg,1,
derm,NEL/Nel026.jpg,1,
derm,NEL/Nel028.jpg,1,
derm,NEL/Nel033.jpg,1,
derm,NEL/Nel035.jpg,1,
derm,NEL/Nel037.jpg,1,
derm,NEL/Nel039.jpg,1,
derm,NEL/Nel041.jpg,1,
derm,NEL/Nel044.jpg,1,
derm,NEL/Nel050.jpg,1,
derm,NEL/Nel051.jpg,1,
derm,NEL/Nel056.jpg,1,
derm,NEL/Nel059.jpg,1,
derm,NEL/Nel061.jpg,1,
derm,NEL/Nel062.jpg,1,
derm,NEL/Nel064.jpg,1,
derm,NEL/Nel066.jpg,1,
derm,NEL/Nel068.jpg,1,
derm,NEL/Nel071.jpg,1,
derm,NEL/Nel073.jpg,1,
derm,NEL/Nel075.jpg,1,
derm,NEL/Nel078.jpg,1,
derm,NEL/Nel081.jpg,1,
derm,NEL/Nel085.jpg,1,
derm,NEL/Nel087.jpg,1,
derm,NEL/Nel089.jpg,1,
derm,NEL/Nel091.jpg,1,
derm,NEL/Nel092.jpg,1,
derm,NEL/Nel095.jpg,1,
derm,NEL/Nel097.jpg,1,
derm,NEL/Nel098.jpg,1,
derm,NEL/Nel100.jpg,1,
derm,NFL/NFL028.JPG,1,
derm,NFL/Nfl004.jpg,1,
derm,NFL/Nfl006.jpg,1,
derm,NFL/Nfl008.jpg,1,
derm,NFL/Nfl010.jpg,1,
derm,NFL/Nfl012.jpg,1,
derm,NFL/Nfl014.jpg,1,
derm,NFL/Nfl016.jpg,1,
derm,NFL/Nfl018.jpg,1,
derm,NFL/Nfl020.jpg,1,
derm,NFL/Nfl022.jpg,1,
derm,NFL/Nfl024.jpg,1,
derm,NFL/Nfl026.jpg,1,
derm,NFL/Nfl032.jpg,1,
derm,NFL/Nfl034.jpg,1,
derm,NFL/Nfl036.jpg,1,
derm,NFL/Nfl038.jpg,1,
derm,NFL/Nfl040.jpg,1,
derm,NFL/Nfl042.jpg,1,
derm,NFL/Nfl044.jpg,1,
derm,NFL/Nfl046.jpg,1,
derm,NFL/Nfl048.jpg,1,
derm,NFL/Nfl050.jpg,1,
derm,NFL/Nfl052.jpg,1,
derm,NFL/Nfl054.jpg,1,
derm,NFL/Nfl063.jpg,1,
derm,NFL/Nfl068.jpg,1,
derm,NFL/Nfl074.jpg,1,
derm,NFL/nfl070.jpg,1,
derm,NFL/nfl072.jpg,1,
derm,NGL/NGL010.JPG,1,
derm,NGL/NGL025.JPG,1,
derm,NGL/Ngl002.jpg,1,
derm,NGL/Ngl004.jpg,1,
derm,NGL/Ngl006.jpg,1,
derm,NGL/Ngl008.jpg,1,
derm,NGL/Ngl013.jpg,1,
derm,NGL/Ngl015.jpg,1,
derm,NGL/Ngl017.jpg,1,
derm,NGL/Ngl019.jpg,1,
derm,NGL/Ngl021.jpg,1,
derm,NGL/Ngl023.jpg,1,
derm,NGL/Ngl027.jpg,1,
derm,NGL/Ngl029.jpg,1,
derm,NGL/Ngl031.jpg,1,
derm,NGL/Ngl033.jpg,1,
derm,NGL/Ngl037.jpg,1,
derm,NGL/Ngl039.jpg,1,
derm,NGL/Ngl041.jpg,1,
derm,NGL/Ngl043.jpg,1,
derm,NGL/Ngl047.jpg,1,
derm,NGL/Ngl049.jpg,1,
derm,NGL/Ngl053.jpg,1,
derm,NGL/Ngl055.jpg,1,
derm,NGL/Ngl057.jpg,1,
derm,NGL/Ngl060.jpg,1,
derm,NGL/Ngl062.jpg,1,
derm,NGL/Ngl064.jpg,1,
derm,NGL/Ngl066.jpg,1,
derm,NGL/Ngl068.jpg,1,
derm,NGL/Ngl072.jpg,1,
derm,NGL/Ngl074.jpg,1,
derm,NGL/Ngl076.jpg,1,
derm,NGL/Ngl078.jpg,1,
derm,NGL/Ngl082.jpg,1,
derm,NGL/Ngl084.jpg,1,
derm,NGL/Ngl086.jpg,1,
derm,NGL/Ngl088.jpg,1,
derm,NGL/Ngl090.jpg,1,
derm,NGL/Ngl092.jpg,1,
derm,NGL/Ngl094.jpg,1,
derm,NGL/Ngl096.jpg,1,
derm,NGL/Ngl098.jpg,1,
derm,NGL/Ngl100.jpg,1,
derm,NHL/Nhl009.jpg,1,
derm,NHL/Nhl011.jpg,1,
derm,NHL/Nhl013.jpg,1,
derm,NHL/Nhl015.jpg,1,
derm,NHL/Nhl017.jpg,1,
derm,NIL/Nil002.jpg,1,
derm,NIL/Nil004.jpg,1,
derm,NIL/Nil006.jpg,1,
derm,NIL/Nil008.jpg,1,
derm,NIL/Nil010.jpg,1,
derm,NIL/Nil021.jpg,1,
derm,NIL/Nil023.jpg,1,
derm,NIL/Nil025.jpg,1,
derm,NIL/Nil027.jpg,1,
derm,NIL/Nil029.jpg,1,
derm,NIL/Nil031.jpg,1,
derm,NIL/Nil033.jpg,1,
derm,NIL/Nil035.jpg,1,
derm,NIL/Nil037.jpg,1,
derm,NIL/Nil041.jpg,1,
derm,NIL/Nil043.jpg,1,
derm,NIL/Nil045.jpg,1,
derm,NIL/Nil048.jpg,1,
derm,NIL/Nil052.jpg,1,
derm,NIL/Nil054.jpg,1,
derm,NIL/Nil056.jpg,1,
derm,NIL/Nil058.jpg,1,
derm,NIL/Nil060.jpg,1,
derm,NIL/Nil062.jpg,1,
derm,NIL/Nil064.jpg,1,
derm,NIL/Nil066.jpg,1,
derm,NIL/Nil068.jpg,1,
derm,NIL/Nil070.jpg,1,
derm,NIL/Nil076.jpg,1,
derm,NIL/Nil078.jpg,1,
derm,NIL/Nil080.jpg,1,
derm,NIL/Nil082.jpg,1,
derm,NIL/Nil084.jpg,1,
derm,NIL/Nil086.jpg,1,
derm,NIL/Nil088.jpg,1,
derm,NIL/Nil090.jpg,1,
derm,NIL/Nil093.jpg,1,
derm,NIL/Nil096.jpg,1,
derm,NIL/Nil100.jpg,1,
derm,NIL/Nil103.jpg,1,
derm,NLL/NLL034.JPG,1,
derm,NLL/NLL052.JPG,1,
derm,NLL/NLL067.JPG,1,
derm,NLL/Nll002.jpg,1,
derm,NLL/Nll004.jpg,1,
derm,NLL/Nll016.jpg,1,
derm,NLL/Nll018.jpg,1,
derm,NLL/Nll020.jpg,1,
derm,NLL/Nll024.jpg,1,
derm,NLL/Nll030.jpg,1,
derm,NLL/Nll038.jpg,1,
derm,NLL/Nll040.jpg,1,
derm,NLL/Nll042.jpg,1,
derm,NLL/Nll046.jpg,1,
derm,NLL/Nll048.jpg,1,
derm,NLL/Nll050.jpg,1,
derm,NLL/Nll056.jpg,1,
derm,NLL/Nll058.jpg,1,
derm,NLL/Nll060.jpg,1,
derm,NLL/Nll062.jpg,1,
derm,NLL/Nll069.jpg,1,
derm,NLL/Nll072.jpg,1,
derm,NLL/Nll076.jpg,1,
derm,NLL/Nll084.jpg,1,
derm,NLL/Nll088.jpg,1,
derm,NLL/Nll094.jpg,1,
derm,NLL/Nll098.jpg,1,
derm,NLL/Nll100.jpg,1,
derm,NLL/Nll102.jpg,1,
derm,NLL/Nll104.jpg,1,
derm,NLL/Nll106.jpg,1,
derm,NLL/nll014.jpg,1,
derm,NLL/nll022.jpg,1,
derm,NLL/nll026.jpg,1,
derm,NLL/nll032.jpg,1,
derm,NML/NML032.JPG,1,
derm,NML/NML092.jpg,1,
derm,NML/Nml002.jpg,1,
derm,NML/Nml004.jpg,1,
derm,NML/Nml006.jpg,1,
derm,NML/Nml008.jpg,1,
derm,NML/Nml010.jpg,1,
derm,NML/Nml012.jpg,1,
derm,NML/Nml014.jpg,1,
derm,NML/Nml016.jpg,1,
derm,NML/Nml018.jpg,1,
derm,NML/Nml020.jpg,1,
derm,NML/Nml022.jpg,1,
derm,NML/Nml024.jpg,1,
derm,NML/Nml030.jpg,1,
derm,NML/Nml034.jpg,1,
derm,NML/Nml039.jpg,1,
derm,NML/Nml041.jpg,1,
derm,NML/Nml043.jpg,1,
derm,NML/Nml045.jpg,1,
derm,NML/Nml047.jpg,1,
derm,NML/Nml049.jpg,1,
derm,NML/Nml051.jpg,1,
derm,NML/Nml063.jpg,1,
derm,NML/Nml065.jpg,1,
derm,NML/Nml067.jpg,1,
derm,NML/Nml071.jpg,1,
derm,NML/Nml073.jpg,1,
derm,NML/Nml077.jpg,1,
derm,NML/Nml079.jpg,1,
derm,NML/Nml081.jpg,1,
derm,NML/Nml085.jpg,1,
derm,NML/Nml087.jpg,1,
derm,NML/Nml089.jpg,1,
derm,NML/Nml094.jpg,1,
derm,NML/Nml096.jpg,1,
derm,NML/Nml098.jpg,1,
derm,NML/Nml102.jpg,1,
derm,NML/Nml104.jpg,1,
derm,NML/Nml106.jpg,1,
derm,NML/Nml108.jpg,1,
derm,NML/Nml114.jpg,1,
derm,New/newl002.jpg,1,
derm,New/newl006.jpg,1,
derm,New/newl008.jpg,1,
derm,New/newl010.jpg,1,
derm,New/newl012.jpg,1,
derm,New/newl014.jpg,1,
derm,New/newl016.jpg,1,
derm,New/newl018.jpg,1,
derm,New/newl020.jpg,1,
derm,New/newl022.jpg,1,
derm,New/newl024.jpg,1,
derm,New/newl026.jpg,1,
derm,New/newl028.jpg,1,
derm,New/newl030.jpg,1,
derm,New/newl032.jpg,1,
derm,New/newl034.jpg,1,
derm,New/newl036.jpg,1,
derm,New/newl039.jpg,1,
derm,New/newl041.jpg,1,
derm,New/newl043.jpg,1,
derm,New/newl045.jpg,1,
derm,New/newl047.jpg,1,
derm,New/newl049.jpg,1,
derm,New/newl051.jpg,1,
derm,New/newl053.jpg,1,
derm,New/newl055.jpg,1,
derm,New/newl059.jpg,1,
case_id,,984,blank
case_id,1a1009998,1,
case_id,1a321,1,
case_id,1a343332,1,
case_id,1a686970,1,
case_id,1a7546,1,
case_id,1b211920,1,
case_id,1b262524,1,
case_id,1b353736,1,
case_id,1b514950,1,
case_id,1b555453,1,
case_id,1b666564,1,
case_id,1b91011,1,
case_id,1d171819,1,
case_id,1d807978,1,
case_id,1e353637,1,
case_id,1e797877,1,
case_id,1g565758,1,
case_id,1l252627,1,
case_id,1l686970,1,
case_id,1m1121141,1,
case_id,1m212223,1,
case_id,1m242426,1,
case_id,1m333435,1,
case_id,3a10710810,1,
case_id,3a11211311,1,
case_id,3a18418518,1,
case_id,4A45145245,1,
notes,,1002,blank
notes,Clinical missing and replaced with derm,4,
notes,Replaced clinic Fgl/Fgl058.jpg with derm Fgl/Fgl059.jpg,1,
notes,Replaced clinic Fhl/Fhl001.jpg with derm Fhl/Fhl002.jpg,1,
notes,Replaced clinic Fhl/Fhl011.jpg with derm Fhl/Fhl012.jpg,1,
notes,Replaced clinic Fhl/Fhl017.jpg with derm Fhl/Fhl018.jpg,1,
notes,Replaced clinic NBL/Nbl051.jpg with derm NBL/NBL049.JPG,1,
