model_type,policy,oracle_non_deployable,query_budget,repetitions,auroc_mean,auroc_sd,macro_f1_mean,macro_f1_sd,accuracy_mean,accuracy_sd,sensitivity_mean,sensitivity_sd,specificity_mean,specificity_sd,brier_mean,brier_sd,ece_mean,ece_sd,query_precision_mean,query_precision_sd,mean_errors_corrected_mean,mean_errors_corrected_sd,mean_concepts_queried_mean,mean_concepts_queried_sd,diagnosis_change_rate_mean,diagnosis_change_rate_sd,diagnosis_improvement_rate_mean,diagnosis_improvement_rate_sd,diagnosis_harm_rate_mean,diagnosis_harm_rate_sd
soft,random_error_oracle,1,0,100,0.8635375494071146,1.1158161231197418e-16,0.7720027720027721,1.1158161231197418e-16,0.8206686930091185,0.0,0.595959595959596,1.1158161231197418e-16,0.9173913043478262,1.1158161231197418e-16,0.1279254598956516,2.7895403077993544e-17,0.024853814067755747,3.486925384749193e-18,,,0.0,0.0,0.0,0.0,0.0,0.0,0.0,0.0,0.0,0.0
soft,random_error_oracle,1,1,100,0.8733447518664907,0.006140311567991666,0.7617085154539659,0.008194540605060323,0.8018844984802433,0.006822323562970737,0.6503030303030303,0.015810907579903694,0.8671304347826085,0.007608099606492411,0.12924577636858042,0.00283302093734699,0.05634942187837862,0.0057783458310733836,1.0,0.0,0.7112462006079028,0.0,0.7112462006079028,0.0,0.12978723404255318,0.008399383339911944,0.3094915254237288,0.030459928276241662,0.09051851851851853,0.0065289003473694785
soft,random_error_oracle,1,2,100,0.8807580149319282,0.0051165902290767175,0.7470726054954734,0.007949299602598924,0.7786018237082069,0.006878041390799178,0.7072222222222224,0.01553696364826946,0.8093260869565216,0.006764582816698033,0.13251992232684084,0.002659999969514638,0.08085846877216722,0.005898306493379771,1.0,0.0,1.1443768996960488,2.2316322462394835e-16,1.1443768996960488,2.2316322462394835e-16,0.21835866261398176,0.0068372169478431565,0.49152542372881364,0.02444916329822682,0.15866666666666668,0.006425146659436407
soft,random_error_oracle,1,3,100,0.8868258673693455,0.0028543506870354523,0.7577701022477892,0.0039006053046716513,0.7844680851063829,0.0036040476326637786,0.7518686868686869,0.007378655555828656,0.7985,0.004300300195609033,0.13170439561176192,0.0016111603279827533,0.0881022354261339,0.003738107366318046,1.0,0.0,1.3632218844984803,0.0,1.3632218844984803,0.0,0.254468085106383,0.0038174328369129196,0.6085593220338983,0.011844518268026141,0.17709259259259258,0.003709824721248694
soft,random_error_oracle,1,4,100,0.8885693895476503,0.001411907148511623,0.7575299067493029,0.0017386719802743097,0.7831003039513678,0.0016603198120953887,0.7616161616161615,0.0030455691371491247,0.7923478260869564,0.0021065541557494624,0.1312818196130926,0.0008074137824116643,0.08756922428225308,0.0018454858527019516,1.0,0.0,1.443768996960487,6.694896738718451e-16,1.443768996960487,6.694896738718451e-16,0.265531914893617,0.0016603198120953735,0.6355932203389829,1.1158161231197418e-16,0.18466666666666667,0.002023130437701404
soft,random_error_oracle,1,5,100,0.8873420070267897,0.0008138799382219321,0.7538409938208698,1.1158161231197418e-16,0.7796352583586628,1.1158161231197418e-16,0.7575757575757573,2.2316322462394835e-16,0.7891304347826085,2.2316322462394835e-16,0.13209552069879751,0.00036576718281868133,0.09058341922027469,0.0009702345433879883,1.0,0.0,1.463525835866261,4.463264492478967e-16,1.463525835866261,4.463264492478967e-16,0.2689969604863222,0.0,0.6355932203389829,1.1158161231197418e-16,0.18888888888888894,5.579080615598709e-17
soft,random_error_oracle,1,6,100,0.8867283706631531,0.0002627159300716641,0.7538409938208698,1.1158161231197418e-16,0.7796352583586628,1.1158161231197418e-16,0.7575757575757573,2.2316322462394835e-16,0.7891304347826085,2.2316322462394835e-16,0.13248544446375715,0.00014672886010203955,0.09010325900062863,0.00019683712512340255,1.0,0.0,1.4680851063829785,2.2316322462394835e-16,1.4680851063829785,2.2316322462394835e-16,0.2689969604863222,0.0,0.6355932203389829,1.1158161231197418e-16,0.18888888888888894,5.579080615598709e-17
soft,random_error_oracle,1,7,100,0.8865283267457181,1.1158161231197418e-16,0.7538409938208698,1.1158161231197418e-16,0.7796352583586628,1.1158161231197418e-16,0.7575757575757573,2.2316322462394835e-16,0.7891304347826085,2.2316322462394835e-16,0.13258977388471307,2.7895403077993544e-17,0.09029093052665493,1.3947701538996772e-17,1.0,0.0,1.469604863221885,4.463264492478967e-16,1.469604863221885,4.463264492478967e-16,0.2689969604863222,0.0,0.6355932203389829,1.1158161231197418e-16,0.18888888888888894,5.579080615598709e-17
soft,confidently_wrong_oracle,1,0,1,0.8635375494071147,0.0,0.772002772002772,0.0,0.8206686930091185,0.0,0.5959595959595959,0.0,0.9173913043478261,0.0,0.12792545989565157,0.0,0.02485381406775575,0.0,,,0.0,0.0,0.0,0.0,0.0,0.0,0.0,0.0,0.0,0.0
soft,confidently_wrong_oracle,1,1,1,0.8619126043039086,0.0,0.7521724890829695,0.0,0.790273556231003,0.0,0.6616161616161617,0.0,0.8456521739130435,0.0,0.13593984688565694,0.0,0.05754477012897509,0.0,1.0,0.0,0.7112462006079028,0.0,0.7112462006079028,0.0,0.1519756838905775,0.0,0.3389830508474576,0.0,0.1111111111111111,0.0
soft,confidently_wrong_oracle,1,2,1,0.8778765920070267,0.0,0.7390324900583806,0.0,0.7720364741641338,0.0,0.6919191919191919,0.0,0.8065217391304348,0.0,0.13437069214062436,0.0,0.08350095756780958,0.0,1.0,0.0,1.1443768996960486,0.0,1.1443768996960486,0.0,0.23404255319148937,0.0,0.5169491525423728,0.0,0.17222222222222222,0.0
soft,confidently_wrong_oracle,1,3,1,0.8827184892402283,0.0,0.7547242096979612,0.0,0.7811550151975684,0.0,0.7525252525252525,0.0,0.7934782608695652,0.0,0.13397585570788798,0.0,0.08266385670716458,0.0,1.0,0.0,1.3632218844984803,0.0,1.3632218844984803,0.0,0.2613981762917933,0.0,0.6186440677966102,0.0,0.18333333333333332,0.0
soft,confidently_wrong_oracle,1,4,1,0.8894158981115502,0.0,0.7572362904578231,0.0,0.7826747720364742,0.0,0.7626262626262627,0.0,0.7913043478260869,0.0,0.13098095576643698,0.0,0.08832054513552914,0.0,1.0,0.0,1.4437689969604863,0.0,1.4437689969604863,0.0,0.26595744680851063,0.0,0.635593220338983,0.0,0.18518518518518517,0.0
soft,confidently_wrong_oracle,1,5,1,0.8876701800614845,0.0,0.7538409938208697,0.0,0.7796352583586627,0.0,0.7575757575757576,0.0,0.7891304347826087,0.0,0.13196982400868745,0.0,0.09199914372735282,0.0,1.0,0.0,1.4635258358662615,0.0,1.4635258358662615,0.0,0.2689969604863222,0.0,0.635593220338983,0.0,0.18888888888888888,0.0
soft,confidently_wrong_oracle,1,6,1,0.8865393061045235,0.0,0.7538409938208697,0.0,0.7796352583586627,0.0,0.7575757575757576,0.0,0.7891304347826087,0.0,0.13257179033593056,0.0,0.09028129529181703,0.0,1.0,0.0,1.4680851063829787,0.0,1.4680851063829787,0.0,0.2689969604863222,0.0,0.635593220338983,0.0,0.18888888888888888,0.0
soft,confidently_wrong_oracle,1,7,1,0.886528326745718,0.0,0.7538409938208697,0.0,0.7796352583586627,0.0,0.7575757575757576,0.0,0.7891304347826087,0.0,0.13258977388471305,0.0,0.09029093052665495,0.0,1.0,0.0,1.4696048632218845,0.0,1.4696048632218845,0.0,0.2689969604863222,0.0,0.635593220338983,0.0,0.18888888888888888,0.0
soft,active,0,0,1,0.8635375494071147,0.0,0.772002772002772,0.0,0.8206686930091185,0.0,0.5959595959595959,0.0,0.9173913043478261,0.0,0.12792545989565157,0.0,0.02485381406775575,0.0,,,0.0,0.0,0.0,0.0,0.0,0.0,0.0,0.0,0.0,0.0
soft,active,0,1,1,0.88399209486166,0.0,0.783610870280128,0.0,0.8161094224924013,0.0,0.7121212121212122,0.0,0.8608695652173913,0.0,0.12501339703119577,0.0,0.0369546772620545,0.0,0.35714285714285715,0.0,0.35714285714285715,0.0,1.0,0.0,0.1534954407294833,0.0,0.4152542372881356,0.0,0.0962962962962963,0.0
soft,active,0,2,1,0.8910188844971454,0.0,0.7770877847221667,0.0,0.8069908814589666,0.0,0.7323232323232324,0.0,0.8391304347826087,0.0,0.12387786923140467,0.0,0.06269582747624962,0.0,0.331306990881459,0.0,0.662613981762918,0.0,2.0,0.0,0.1717325227963526,0.0,0.4406779661016949,0.0,0.11296296296296296,0.0
soft,active,0,3,1,0.9005489679402724,0.0,0.7782797745327701,0.0,0.8100303951367781,0.0,0.7171717171717171,0.0,0.85,0.0,0.11844158509675233,0.0,0.0565743341908964,0.0,0.30344478216818643,0.0,0.9103343465045592,0.0,3.0,0.0,0.21124620060790272,0.0,0.559322033898305,0.0,0.13518518518518519,0.0
soft,active,0,4,1,0.9054787000439175,0.0,0.7939664852725231,0.0,0.8237082066869301,0.0,0.7373737373737373,0.0,0.8608695652173913,0.0,0.11560860411187186,0.0,0.051750382509583755,0.0,0.26975683890577506,0.0,1.0790273556231003,0.0,4.0,0.0,0.1884498480243161,0.0,0.5338983050847458,0.0,0.11296296296296296,0.0
soft,active,0,5,1,0.906060606060606,0.0,0.8000994743987848,0.0,0.8282674772036475,0.0,0.7525252525252525,0.0,0.8608695652173913,0.0,0.11501402019765421,0.0,0.049529722144431014,0.0,0.25258358662613983,0.0,1.262917933130699,0.0,5.0,0.0,0.20212765957446807,0.0,0.5847457627118644,0.0,0.11851851851851852,0.0
soft,active,0,6,1,0.9057092665788319,0.0,0.8000994743987848,0.0,0.8282674772036475,0.0,0.7525252525252525,0.0,0.8608695652173913,0.0,0.11575946785118395,0.0,0.05085347082820821,0.0,0.23454913880445796,0.0,1.4072948328267476,0.0,6.0,0.0,0.21124620060790272,0.0,0.6101694915254238,0.0,0.12407407407407407,0.0
soft,active,0,7,1,0.9046277997364953,0.0,0.7980617024713293,0.0,0.8267477203647416,0.0,0.7474747474747475,0.0,0.8608695652173913,0.0,0.11660951175750195,0.0,0.05573191082082779,0.0,0.20994355188884065,0.0,1.4696048632218845,0.0,7.0,0.0,0.20972644376899696,0.0,0.6016949152542372,0.0,0.12407407407407407,0.0
hard,random_error_oracle,1,0,100,0.8401570048309175,3.3474483693592255e-16,0.7503843466107615,2.2316322462394835e-16,0.7978723404255318,1.1158161231197418e-16,0.6010101010101012,2.2316322462394835e-16,0.8826086956521739,0.0,0.1335167451479599,2.7895403077993544e-17,0.04525037642258839,0.0,,,0.0,0.0,0.0,0.0,0.0,0.0,0.0,0.0,0.0,0.0
hard,random_error_oracle,1,1,100,0.869538757136583,0.0057655189915727465,0.776704253923687,0.007958016141164512,0.8171276595744682,0.006534240364602014,0.6509090909090909,0.01507958301696709,0.8886739130434786,0.007274615596636169,0.12867664198282033,0.0025489756572473223,0.05890404583845629,0.007794326837488068,1.0,0.0,0.7112462006079028,0.0,0.7112462006079028,0.0,0.108161094224924,0.007379334018563328,0.3151879699248121,0.024595323943715868,0.05571428571428571,0.006122204657012231
hard,random_error_oracle,1,2,100,0.8890305775142732,0.00482048325253312,0.7691973097217266,0.007370135246215395,0.8054559270516718,0.00618741828413204,0.679848484848485,0.012978854064978186,0.8595217391304345,0.005868955221316228,0.12551441250309878,0.0024178142513502227,0.06475429333123929,0.005161287151300453,1.0,0.0,1.1443768996960488,2.2316322462394835e-16,1.1443768996960488,2.2316322462394835e-16,0.1585258358662614,0.005981124222778789,0.4109022556390977,0.020427497863529567,0.09459047619047618,0.005602367200002254
hard,random_error_oracle,1,3,100,0.9011336187966621,0.003064584909911577,0.782651841738983,0.005281255217641035,0.814483282674772,0.004490984123005376,0.7175252525252528,0.0099274705903697,0.8562173913043476,0.004520294691760819,0.12060316211626543,0.0016738018197046416,0.08344793604649592,0.004213584359061443,1.0,0.0,1.3632218844984803,0.0,1.3632218844984803,0.0,0.19624620060790274,0.004252988436131536,0.5265413533834586,0.015280748484975086,0.11257142857142859,0.0038810032840436914
hard,random_error_oracle,1,4,100,0.9051258234519104,0.0015256672625255897,0.7931598871853514,0.0020312285442075674,0.8222492401215807,0.0018571735339233501,0.7431313131313133,0.0035906730571197906,0.8563043478260866,0.002403351297359016,0.11862825597636001,0.0008906016890617901,0.0826891240445128,0.0019095741426628347,1.0,0.0,1.443768996960487,6.694896738718451e-16,1.443768996960487,6.694896738718451e-16,0.21075987841945285,0.001869194200087069,0.581654135338346,0.006278865109369835,0.11680000000000001,0.001709683309345657
hard,random_error_oracle,1,5,100,0.904191919191919,0.0008180733121555877,0.791699776901482,0.0011365089075994496,0.8204559270516717,0.0009420560938455726,0.7459090909090912,0.002347591912685529,0.8525434782608692,0.0008207068871057276,0.11913964057169853,0.0004758156447663917,0.08753677847373637,0.0014535999842124087,1.0,0.0,1.463525835866261,4.463264492478967e-16,1.463525835866261,4.463264492478967e-16,0.21449848024316115,0.0009420560938455908,0.5864661654135339,1.1158161231197418e-16,0.12026666666666667,0.0011807103042864705
hard,random_error_oracle,1,6,100,0.9031633179622309,0.00042431132679816326,0.7900407305216133,2.2316322462394835e-16,0.8191489361702128,0.0,0.7424242424242427,2.2316322462394835e-16,0.8521739130434777,5.579080615598709e-16,0.11969524630899742,0.00027306080938739656,0.0880102685134354,0.0011794169933137062,1.0,0.0,1.4680851063829785,2.2316322462394835e-16,1.4680851063829785,2.2316322462394835e-16,0.21580547112462015,8.368620923398064e-17,0.5864661654135339,1.1158161231197418e-16,0.12190476190476195,4.184310461699032e-17
hard,random_error_oracle,1,7,100,0.9028491436100127,3.3474483693592255e-16,0.7900407305216133,2.2316322462394835e-16,0.8191489361702128,0.0,0.7424242424242427,2.2316322462394835e-16,0.8521739130434777,5.579080615598709e-16,0.11987083060948463,1.3947701538996772e-17,0.08696343081317791,0.0,1.0,0.0,1.469604863221885,4.463264492478967e-16,1.469604863221885,4.463264492478967e-16,0.21580547112462015,8.368620923398064e-17,0.5864661654135339,1.1158161231197418e-16,0.12190476190476195,4.184310461699032e-17
hard,confidently_wrong_oracle,1,0,1,0.8401570048309178,0.0,0.7503843466107617,0.0,0.7978723404255319,0.0,0.601010101010101,0.0,0.8826086956521739,0.0,0.13351674514795986,0.0,0.04525037642258839,0.0,,,0.0,0.0,0.0,0.0,0.0,0.0,0.0,0.0,0.0,0.0
hard,confidently_wrong_oracle,1,1,1,0.8559233640755379,0.0,0.7624608564976115,0.0,0.8039513677811551,0.0,0.6414141414141414,0.0,0.8739130434782608,0.0,0.13660694902218604,0.0,0.0661360981727875,0.0,1.0,0.0,0.7112462006079028,0.0,0.7112462006079028,0.0,0.11854103343465046,0.0,0.3082706766917293,0.0,0.07047619047619047,0.0
hard,confidently_wrong_oracle,1,2,1,0.8820377689942908,0.0,0.7650736546611614,0.0,0.8009118541033434,0.0,0.6818181818181818,0.0,0.8521739130434782,0.0,0.1294982883677488,0.0,0.05985992620538358,0.0,1.0,0.0,1.1443768996960486,0.0,1.1443768996960486,0.0,0.1641337386018237,0.0,0.41353383458646614,0.0,0.10095238095238095,0.0
hard,confidently_wrong_oracle,1,3,1,0.8961517347386913,0.0,0.7764575106199669,0.0,0.8100303951367781,0.0,0.702020202020202,0.0,0.8565217391304348,0.0,0.12298255053685998,0.0,0.07762520882536515,0.0,1.0,0.0,1.3632218844984803,0.0,1.3632218844984803,0.0,0.19148936170212766,0.0,0.5037593984962406,0.0,0.11238095238095239,0.0
hard,confidently_wrong_oracle,1,4,1,0.9053359683794466,0.0,0.7930233495987418,0.0,0.8221884498480243,0.0,0.7424242424242424,0.0,0.8565217391304348,0.0,0.11842433320660159,0.0,0.08298487770974501,0.0,1.0,0.0,1.4437689969604863,0.0,1.4437689969604863,0.0,0.2066869300911854,0.0,0.5714285714285714,0.0,0.11428571428571428,0.0
hard,confidently_wrong_oracle,1,5,1,0.9047101449275361,0.0,0.792077723148773,0.0,0.8206686930091185,0.0,0.7474747474747475,0.0,0.8521739130434782,0.0,0.11882467906925999,0.0,0.0886816947921126,0.0,1.0,0.0,1.4635258358662615,0.0,1.4635258358662615,0.0,0.21428571428571427,0.0,0.5864661654135338,0.0,0.12,0.0
hard,confidently_wrong_oracle,1,6,1,0.9030742204655247,0.0,0.7900407305216135,0.0,0.8191489361702128,0.0,0.7424242424242424,0.0,0.8521739130434782,0.0,0.1196958841894916,0.0,0.08947480524571556,0.0,1.0,0.0,1.4680851063829787,0.0,1.4680851063829787,0.0,0.21580547112462006,0.0,0.5864661654135338,0.0,0.1219047619047619,0.0
hard,confidently_wrong_oracle,1,7,1,0.902849143610013,0.0,0.7900407305216135,0.0,0.8191489361702128,0.0,0.7424242424242424,0.0,0.8521739130434782,0.0,0.11987083060948461,0.0,0.08696343081317791,0.0,1.0,0.0,1.4696048632218845,0.0,1.4696048632218845,0.0,0.21580547112462006,0.0,0.5864661654135338,0.0,0.1219047619047619,0.0
hard,active,0,0,1,0.8401570048309178,0.0,0.7503843466107617,0.0,0.7978723404255319,0.0,0.601010101010101,0.0,0.8826086956521739,0.0,0.13351674514795986,0.0,0.04525037642258839,0.0,,,0.0,0.0,0.0,0.0,0.0,0.0,0.0,0.0,0.0,0.0
hard,active,0,1,1,0.8698671497584543,0.0,0.7565048883766522,0.0,0.8009118541033434,0.0,0.6212121212121212,0.0,0.8782608695652174,0.0,0.12917526161475337,0.0,0.05691423033364349,0.0,0.3541033434650456,0.0,0.3541033434650456,0.0,1.0,0.0,0.08814589665653495,0.0,0.22556390977443608,0.0,0.05333333333333334,0.0
hard,active,0,2,1,0.8888888888888888,0.0,0.7801956573610116,0.0,0.8191489361702128,0.0,0.6616161616161617,0.0,0.8869565217391304,0.0,0.12227114087042082,0.0,0.05321407677341374,0.0,0.3282674772036474,0.0,0.6565349544072948,0.0,2.0,0.0,0.1276595744680851,0.0,0.3684210526315789,0.0,0.06666666666666667,0.0
hard,active,0,3,1,0.8988252086078173,0.0,0.7762245109559688,0.0,0.8130699088145896,0.0,0.6767676767676768,0.0,0.8717391304347826,0.0,0.11949743325275126,0.0,0.0736220204725104,0.0,0.30547112462006076,0.0,0.9164133738601824,0.0,3.0,0.0,0.1519756838905775,0.0,0.41353383458646614,0.0,0.08571428571428572,0.0
hard,active,0,4,1,0.9028052261747913,0.0,0.7815191003407471,0.0,0.8145896656534954,0.0,0.7070707070707071,0.0,0.8608695652173913,0.0,0.11922504070333075,0.0,0.07708585017679809,0.0,0.2815349544072948,0.0,1.1261398176291793,0.0,4.0,0.0,0.19300911854103345,0.0,0.518796992481203,0.0,0.11047619047619048,0.0
hard,active,0,5,1,0.9037165129556434,0.0,0.7827207275483138,0.0,0.8145896656534954,0.0,0.7171717171717171,0.0,0.8565217391304348,0.0,0.11901331471513009,0.0,0.08307470063087728,0.0,0.25835866261398177,0.0,1.2917933130699089,0.0,5.0,0.0,0.20212765957446807,0.0,0.5413533834586466,0.0,0.11619047619047619,0.0
hard,active,0,6,1,0.9027887571365834,0.0,0.7879972506229058,0.0,0.817629179331307,0.0,0.7373737373737373,0.0,0.8521739130434782,0.0,0.1199234999316205,0.0,0.08505526028228819,0.0,0.23328267477203649,0.0,1.3996960486322187,0.0,6.0,0.0,0.21124620060790272,0.0,0.5714285714285714,0.0,0.12,0.0
hard,active,0,7,1,0.902849143610013,0.0,0.7900407305216135,0.0,0.8191489361702128,0.0,0.7424242424242424,0.0,0.8521739130434782,0.0,0.11987083060948461,0.0,0.08696343081317791,0.0,0.20994355188884065,0.0,1.4696048632218845,0.0,7.0,0.0,0.21580547112462006,0.0,0.5864661654135338,0.0,0.1219047619047619,0.0
